vehicule_name,Label,Start_time,End_time,Duration,Acceleration X,Acceleration Y,Acceleration Z,Gyroscope X,Gyroscope Y,Gyroscope Z
"Sans nom","Conduite non agressive","21/01/2026 11:57:22","21/01/2026 11:57:22",0.00,"[]","[]","[]","[]","[]","[]"
"Sans nom","Acceleration","21/01/2026 11:57:22","21/01/2026 11:57:29",10.01,"[-0.2,-0.1,0.3,0,-0.2,0.2]","[1.3,2.5,2.2,2.2,1.4,1.2]","[-1.1,-0.1,-0.9,-1,-1.4,-0.1]","[13.9,-7,3.1,-5.2,3.9,-12]","[-2.7,-10.4,6.6,-1.9,4.2,5.3]","[-3.1,0.1,-1.1,-0.5,2.5,0.6]"
"Sans nom","Conduite non agressive","21/01/2026 11:57:29","21/01/2026 11:57:39",10.52,"[-0.3,-0.9,-0.3,0,-0.2,-0.1,0.3,-0.2,0,0.2,-0.4,-0.1,0.1,-0.1,0.1,0,0.1,0,0,0.1,0.2,0.2,0,-0.1,0,0,-0.3,0,0.1,0.1,-0.1,0,0.3,-0.9,-0.8,0.1,0,0.2,0.1,0,-0.3,-0.2,-0.2]","[-0.7,-0.2,-0.5,-0.2,-0.2,-1.1,-0.6,-0.3,-0.5,-0.3,-0.2,-0.3,-0.1,0.1,0,0.1,-0.1,0,0.1,0,0,-0.6,-0.4,-0.3,-0.3,-0.1,-0.2,0.2,0,-0.5,-0.2,0.1,0.2,0.9,-1,0.4,0,0.3,0.1,-0.1,-0.3,-0.3,-0.4]","[0.5,0.2,0.2,0.1,-0.8,-0.2,0,-0.4,0.5,0.2,-0.1,-0.1,0.1,2,-0.4,0.5,-0.7,0.2,0,0,-0.8,0.2,0.7,-1,0.2,0.2,-0.4,0.5,-0.3,-2.5,-0.6,0.3,-1.6,7.2,-0.7,-0.1,-0.5,0.4,-0.8,0.5,0.3,-0.9,-0.8]","[-3.1,2.2,0.6,2.4,-5.6,-1.8,-5.2,-1.4,-0.2,-5.4,-0.2,1,-3.5,12.1,-2.4,-0.8,-0.4,4.2,1.5,0,-8.1,-4.7,-2.1,-7.4,0.1,4.3,-7.1,-6.8,-3.9,-14,-1.1,7,1.3,4.7,51.5,-2.9,-0.8,-0.9,-2.6,2.7,-0.6,-3.5,-0.4]","[4.6,-2.6,-11.1,-6.8,0.2,1.1,2.1,-0.2,1.2,4.5,-0.7,-2.6,-2.9,-3.2,4.7,-1,2,2.7,-0.5,-3.4,1.1,-1,0.3,3.8,0,-1.4,1.3,-1.7,0.9,5.6,-0.2,-0.6,8.5,-17.7,-16.3,0.1,0.3,-2.7,4.2,0.4,2.2,3.8,3.6]","[-0.2,2.7,0.5,-0.6,3.4,-0.7,-0.2,0.9,-0.3,-2,0.3,0.4,-0.2,2.3,1,0,-0.7,0.6,-0.1,0.3,-0.9,-2.2,-0.2,-0.7,0.4,0.3,-0.9,0,0.2,-1.1,-0.2,0.3,-2.4,-1,-3.1,-0.6,-0.3,-0.6,-0.2,0.2,0.3,-1.7,1]"
"Sans nom","Freinage","21/01/2026 11:57:39","21/01/2026 11:57:49",10.01,"[-0.2,0.3,0.4,0.1,0.2,0.2,-0.2,0.1,0.1,0,0.5,-0.4,-0.3,-0.4,0.3,0.4,0,0.3,0.2,-0.2]","[0,0,0,0.3,0.2,-0.2,-0.9,-0.5,-1.8,-2.1,1.4,1,0.4,0.1,-1.7,-2.1,-2.7,-2.7,-3.3,-2.8]","[1.2,-0.2,-0.4,0.3,0.3,0.1,0.9,1.8,-0.2,0.5,-1.6,0.3,-0.4,-1,1.7,2,1.4,1.8,2.3,2.1]","[4.3,-4.7,-1.2,-0.7,-1.3,-2.8,1.2,32.5,-4.3,18.9,-2.1,11.9,16.3,-2.4,13.5,4.2,9.6,-2.2,23.4,-6.2]","[-3.2,1.4,3.5,-0.2,-1.1,0.1,-3.8,-4.1,-0.3,1.4,-1.8,-12,-13.7,23.2,11.4,16,0.9,8.7,17.7,-4.6]","[1.7,-0.7,1.4,-1.5,-0.3,0.4,1.5,5,-1.2,-2.7,-5.4,4.8,13.8,-6.2,-6.7,-5.5,5.2,3.4,-6.3,-4.5]"
"Sans nom","Conduite non agressive","21/01/2026 11:57:49","21/01/2026 11:58:02",12.73,"[-0.6,-4.4,0.7,1,0.2,-1.5,2.1,1.5,-0.7,0.8,1.4,0.2,0.1,-0.1,0.1,0.2,0,-0.1,0,0.4,0.1,0,0,-0.1,-0.3,0,0.1,0,0.3,0.1,0.2,-0.1,0.1,0.2,0.1,0,0,0,-0.1,0,0,-0.1,0,-0.1,0,0,0.1,0.2,0,0.2]","[1.4,0.8,0.5,-0.3,0.2,1.6,-0.4,-0.2,0.8,0,-0.3,0.2,0.1,0.3,0.2,0.2,0.1,0.2,0,0.2,0,0.1,0.1,0,0.2,0.1,0,0,-0.2,-0.1,-0.1,0,-0.1,-0.1,0,0.1,0,0.1,0.1,0.1,0.2,0.3,0.2,0.2,0.3,0.4,0.1,0.1,0.1,-0.1]","[-1.7,0.9,1.1,-1.1,-0.1,0,0.9,-1.1,-0.2,0.3,-3.9,-0.7,0.7,0,0.1,-0.3,-1,-0.1,-0.7,-1,-0.1,-0.1,0.2,0,-0.2,0.4,0.1,-0.2,0.2,0,0.1,0.5,0.2,0,-0.1,0.2,-0.6,-0.2,-0.2,-0.1,-0.1,0,-0.2,0,-0.7,0.1,0,0,0.1,0]","[-17.2,24.9,33.9,-24.5,26.5,46.7,-43.7,-44,3.8,1.7,5.7,-8,1,-8.7,-6.5,-4.5,-5,2.3,8.5,-19.3,-17.2,0,-3.4,6.3,-12.5,-2.6,0.6,2,-4.9,6.3,1.4,-2.6,2.6,1.8,-1.9,-0.3,-4.8,-3.2,-1.2,1.3,0,0.6,0.6,5.2,-1.2,-0.2,-0.5,0.2,0.6,6.1]","[-33,-12.3,12.5,21.5,6,61.5,-27,19.7,-16.6,11.9,10.8,0,-0.6,-10.1,6.6,-4.6,4.1,-13.2,6.8,-6.2,-9.7,-0.5,-10.3,3.2,-11,3.5,-0.6,-5.5,-4.9,2.4,3,-5,0.6,-1.5,-0.2,-1.1,0.8,-1.1,-2.4,-0.5,0.7,-0.6,-0.7,-0.2,0.2,0.2,-0.2,-0.2,-3.1,1.8]","[17.6,23.6,-0.7,-16.6,5.2,0.8,-8.3,-2,7.6,-4.3,-4.7,2.1,1.8,-2.6,3.6,-1.6,0.4,0,3.5,5.5,-1.6,-1.9,1.8,-1,1.9,0.7,0,9.7,-1.2,-1.3,-1.4,-0.5,-0.1,-1.3,0.1,-0.3,0.5,0.7,0.1,-0.3,0.6,0.6,-0.3,-0.6,0.3,0.1,-0.7,-0.3,-1.3,-1]"
"Sans nom","Virage serre a droite","21/01/2026 11:58:02","21/01/2026 11:58:12",10.01,"[0.1,-0.1,0.1,0.1,0.1,-0.1,0.3,0.5,-0.1,0.1,0.3,0.4,0.6,0.9,0.3,0.7,0.8,1.2,2.1,1.2]","[-0.5,-0.8,-0.5,-0.4,0.2,0,0,0.1,0,-0.2,0.1,-0.1,0,0.2,0.1,0.1,-0.1,-0.1,-0.4,-0.7]","[0.4,0.3,0.4,0.2,-0.1,0.2,-0.3,-0.2,0.2,0.1,-0.3,0,-0.1,0,-0.3,-0.3,-0.6,-0.2,1.8,-0.3]","[-0.7,1.6,-0.3,0.9,1.6,-0.3,4,-1.5,-1.7,-0.4,3.4,0.4,-2.7,-0.7,4.6,3.8,-3.1,14.2,24.2,2.2]","[-2.3,-0.3,1.6,1,0.6,-0.8,-1.6,-3.6,-3.4,-5.1,-7,-6,-9.7,-10.5,-9.5,-16.2,-10.5,-21,-15.4,-22.4]","[-0.5,-0.6,-0.5,0,0.1,-1,-3.5,-6.4,-8.5,-9.7,-11.9,-15.4,-15.2,-22.1,-24.9,-25.4,-29.4,-28.6,-33.4,-31.1]"
"Sans nom","Acceleration","21/01/2026 11:58:12","21/01/2026 11:58:18",5.90,"[-0.6,0.5,1,-0.7]","[-0.5,-0.3,-0.9,-1]","[0.3,1.1,0.6,3.6]","[-5.2,-16.7,-15.1,37.7]","[3.5,-24.1,31.5,49.4]","[0.7,34.8,0.3,-4.8]"
"Sans nom","Freinage","21/01/2026 11:58:18","21/01/2026 11:58:24",5.65,"[-0.2,0.8]","[-1.4,-3.1]","[0.6,-7.1]","[-33.2,-27.9]","[3.5,11.7]","[-1.1,-5.8]"
"Sans nom","Acceleration","21/01/2026 11:58:24","21/01/2026 11:58:29",5.65,"[1.5,1,-1.2]","[-1.1,-0.7,0.1]","[-0.5,-1.8,-1.8]","[9.4,-4,-40.3]","[6.7,-4,-2.5]","[-3.4,-7.1,-9]"
"Sans nom","Conduite non agressive","21/01/2026 11:58:29","21/01/2026 11:58:50",21.12,"[1.2,1,1.7,1.4,1,-1,0.2,0,-0.1,0,-0.1,0.3,0.3,-0.3,0,1,0.7,-1,0.1,0.3,-0.6,-0.1,0.8,0.3,-0.2,-0.1,2.5,2.2,0.6,0.9,0,0.5,0.4,-0.5,0,0.9,0,0.4,-0.6,0.7,0.4,-0.1,-0.2,0.3,-0.4,-0.5,0.5,0.7,0.8,-1.5,0.5,-0.2,-0.4,-0.2,-1.2,-0.6,0,0.3,0,-0.1,0,-0.2,0.1,-0.2,-0.1,0,0.1,0,-0.8,-0.2,0,-0.1,-0.2,-0.1,0.8,-0.1,-0.2,0.2,-1,0.1,-0.4,0.2,0]","[-1,-0.3,-1,0.5,0.4,-1.3,-0.3,-1.9,-1.7,-0.7,-0.8,-1.1,-0.8,0.2,0.2,-0.2,-0.2,-0.5,-0.8,-0.4,0.8,-0.2,-0.4,0.1,-0.1,0.1,0.5,-0.1,0.9,1,-0.1,0.2,1.1,-0.1,-0.2,0.2,0.2,0.2,-0.1,0.7,0.7,0.1,-0.2,-0.4,0,0.1,-0.3,-0.6,-0.2,-0.5,-0.3,-1.6,-0.5,-2.5,-1.1,-0.6,-0.4,-0.1,0.4,0,0.5,-0.3,0.6,0.3,0.2,0.2,0.1,-0.1,-0.1,-0.4,-0.6,-1.4,-1.2,-1.1,-0.2,-0.3,-0.9,-0.7,0.1,0,0.1,0.1,0.3]","[-1,4.5,-4.8,-0.3,-0.5,-4,-0.1,4.5,1.4,-1.3,0.3,1.7,2.7,1.2,-1.4,1.6,-0.9,-3.4,-2.3,1.6,-0.4,-0.5,1.9,0.4,-1.7,-0.6,2.4,2.2,-0.2,1,0.3,-1,-0.6,-0.4,-0.9,0,-0.5,0.7,-2,-0.5,-0.5,0.2,-0.4,-0.9,-0.6,-0.7,-0.1,-1.1,0.6,-2.7,-0.4,1.2,-0.1,2.1,-0.7,0.9,-0.6,1.8,-0.5,-0.5,-0.6,-1.7,1.2,-2,0.4,0,-2.2,0.6,-2.4,-0.7,-0.8,0.7,1.4,1,1.9,-0.9,1.2,-0.2,0.6,-0.2,0,-0.2,-1.3]","[30.7,27.9,-64.6,-34.1,10.3,-1.6,-22.4,27.7,20.5,11,9.7,34.1,45.1,-13,-11.4,-10.4,-5,-30.8,9.9,19.5,-35,21.9,16.2,4,5.1,-0.1,-24.7,36.7,9.9,-18.4,37.3,64.7,15.4,12.1,10.7,7.2,-13.2,2.5,-9.1,1.7,1.3,-5.8,-0.6,0.1,-12.2,-2.8,8.9,23.3,9.9,10.5,-8.2,-10.9,-30.2,66.2,18.6,-6,-4.9,12.8,4.1,-3.8,-4,2.7,-11,-12.6,15,-15.8,-3.3,2.7,-20.4,8,-7.4,1.7,3.7,11.1,-0.3,-6.8,-7.1,-1.3,-7.6,2.6,-2,3.7,-7.5]","[6.7,-1,1.9,-4.4,-9.8,4.9,-3.8,3.3,6.6,3.4,1.9,7.6,8.6,-3.8,9.8,9.3,-0.1,2.7,4.9,0.8,-3.6,4.3,7.1,5.1,-1.4,3.8,104.9,-43.8,0.3,43,3.2,-22.8,11.7,-34,7.9,-8.5,-10.1,8.5,4.4,7.5,-7.5,-17.5,9.8,6.8,10.2,-4.7,16,21.8,5.4,-6.9,2.6,-6.5,-21.3,22.2,-77.8,10.8,1,0.7,-1,-1.3,-1.5,19.8,-5.8,-6.6,-5.6,5.9,0.9,2.5,-5.9,0.3,-1.3,1.4,4.1,-2.4,-1.1,-5.9,6.8,4.9,-1,3.8,-4.5,0.3,2.5]","[-5.3,-7.4,-10.8,-1.3,-2,-4.6,3.6,-4,-7,-4.6,-1.5,-2.4,-4.6,5.7,3.6,-1.7,1,-0.2,-2.1,-0.1,6.3,-1.2,-2.1,-0.5,-2.9,1.4,11.6,5.4,-14.9,3.6,-4,-11.9,27.4,31.6,-4.5,-15.5,8.5,6.1,-8.9,-14.5,11.3,9,-4.7,-0.6,-19,-1.4,3.8,8.1,-0.6,11.9,-5.2,-7.2,4.7,8.5,-3.4,-0.3,-1.7,-0.3,2.6,-2.3,-1.2,-4,0.6,-0.9,0.7,-1.4,-0.3,-1.4,-4.8,3.4,-3.1,-0.4,2.1,2.9,0,0.4,0.8,-0.8,4.3,1.4,0.8,0.8,3]"
"Sans nom","Freinage","21/01/2026 11:58:50","21/01/2026 11:59:00",10.01,"[0.1,-0.1,0.2,-0.1,0,0,0.2,-0.1,-0.2,0,-0.3,1.1,0.1,-0.5,-0.2,-0.1,0.6,0.1,0.4]","[0.4,0.5,0.3,0.2,0.1,0.4,1.3,1.4,1.2,0.8,0.5,0.4,-2.7,-1.7,-2.7,-3,-3.3,-2.9,-1.2]","[-0.1,-0.4,-0.6,0.1,-0.1,-0.2,-0.9,-0.6,-0.4,-0.8,-1.1,-2.5,1.6,0.2,0.5,4.3,2.5,2.1,1]","[1.2,3.5,-2.6,1.1,-2.4,1.7,-4.3,-0.5,2.8,-4.8,-12.3,16.7,-31.9,-2,11.6,17.8,3.9,0.5,6]","[-2.7,-0.4,7.1,0.4,0.6,-0.6,7.5,-0.5,-0.7,4.2,-6.6,22.9,14.9,-34.9,-8.1,-13.3,2,3,0.7]","[0.1,-0.9,1.9,-0.4,0,-1.8,3.7,1.6,1.2,1.6,-0.4,-14.6,-53.8,43.3,17.9,-1.2,6.9,2.8,0]"
"Sans nom","Virage serre a gauche","21/01/2026 11:59:00","21/01/2026 11:59:06",5.54,"[-5.7,-2.4]","[-1.4,-0.7]","[1.1,-0.3]","[35.1,4]","[7.9,34.8]","[4.1,18.2]"
"Sans nom","Conduite non agressive","21/01/2026 11:59:06","21/01/2026 11:59:40",34.41,"[-1.1,-0.4,0.9,0.3,-0.1,0.2,-0.9,-0.1,0,-0.5,-0.2,-2.1,0.5,0.3,-0.3,-0.2,0.2,-0.3,-2.1,0.3,0.5,-0.2,0.4,0.1,-0.1,1.3,-0.4,0.8,-0.6,-0.3,0.4,-0.1,-0.9,0.2,0.6,0.7,0.8,2.9,2.1,2,2.1,1.3,1.6,2.3,0.9,3,-3.3,-1.1,2.3,-0.5,-1.2,-1.1,-0.9,-0.3,-0.8,-0.2,0.1,-0.3,-0.7,-0.5,-0.5,-0.4,-0.4,-0.3,0.1,0.3,-0.3,0,0,0,-0.2,0,0.1,0.2,0.3,0.2,-0.2,0.2,0.6,-0.4,-0.2,-0.1,-0.2,0,0.1,0.1,0,-0.1,0.3,0,0,-0.1,0.3,0.2,0.1,0.1,-0.2,-0.2,0.5,0.5,0.2,0,0.4,0.2,0.3,0.4,-0.2,-0.3,0.2,0.2,-0.1,0.4,0.4,0.2,0.5,0,-0.1,0.5,0,0.1,-0.1,0,0.3,0.1,-0.1,-0.2,-0.1,-0.2,0.4,-0.6,-0.3,-0.1,-0.1,-0.1]","[-1.7,-2.1,-1.5,-2.5,-2.8,-0.5,-1.9,0,0.1,-1,0.3,0.1,-1.1,-0.5,-1.3,0.5,0,1,0,0.4,-0.4,-0.6,-0.2,0.3,-1.1,1.2,0.5,-0.9,0.1,0.7,0.8,-0.5,0.4,-0.3,0.2,0,-0.1,-0.4,0.1,-0.1,0.5,0.9,0,-0.2,-0.8,-0.9,0.4,-0.7,-0.8,-0.2,-0.3,-0.4,-0.5,-0.3,-0.2,-0.5,0.1,0.1,0,-0.1,-0.2,-0.2,-0.1,0.2,0,0,-0.2,-0.2,0,-0.2,-0.1,0.2,0.2,-0.7,-0.5,0.6,0.7,0.4,0.2,0.3,-0.4,-0.5,-0.5,-0.2,-0.5,0,-0.4,-0.4,-0.6,-0.2,0.5,0.6,1,0.7,-0.8,-0.1,0.6,0.2,0.2,0.1,0.7,-0.5,-0.7,-0.1,-0.2,-0.2,-1.1,-0.5,-0.5,-0.4,-0.5,-0.3,-0.3,-0.1,0.1,-0.2,0,0.2,0.2,0.5,0.3,0.1,0,1,0.4,-0.1,-0.4,-0.5,-0.4,-0.4,0,-0.2,-0.2,-0.3]","[-0.3,1,1.2,-0.9,2.6,-1.5,-0.1,-1.1,2.3,0,0.3,-2.1,-2.3,1,1.6,1.3,-0.7,-1.8,-2.3,-0.1,0.5,1,-0.3,-0.4,-0.1,1.7,-1.1,2.5,0.6,-2.9,-4.2,3.4,1.4,-0.2,-1.3,0.3,-1.1,0,0.9,0.2,-2.6,3.1,0,1.4,-0.4,-0.9,-0.9,-2.9,-2,-1.3,-0.4,0.5,-0.2,0.9,0.4,-3,0.2,-1.1,0.5,0.4,-0.1,-0.4,0.3,0.2,0.4,-0.5,-0.4,0,-0.3,-0.2,0.2,1.5,0.5,-1.9,1.5,1,-1,-0.3,-0.9,-0.9,0.2,-0.9,0.6,1.6,-0.7,0.9,-0.8,-0.2,-0.3,0.8,-0.4,0,-0.6,-0.5,0.7,0.1,-0.1,-0.8,-2,1.4,-1.2,-0.1,0.8,-2,-1.1,-2.5,-1.1,1.4,-0.2,0.5,-0.7,0.2,1.3,1.3,-0.5,-0.7,0.4,-0.5,0.7,0.8,-0.3,-1,-1.1,0.2,1.3,0.2,1.3,0,-0.3,0.8,-0.1,-0.6,0,1.5]","[-9.9,3.7,10.3,-1.7,21,-9.2,-13.3,-10,7.6,-11.7,-11.5,-43.2,29.8,4.1,7.8,-8.7,11.3,-18.4,-30.2,-9,10.4,-8.2,21,-3.9,35.5,-5.3,-3.5,55.9,14.7,-29.5,-54.3,22.5,-14.8,1.3,2.2,-4.9,11.8,6.9,5.8,-21.1,-20.7,1.8,10.1,-30,-2.8,4.8,-16.2,-46.5,-1.8,8.8,-0.8,3.4,-0.1,-1.8,-0.2,-38,-2.2,-8.3,14.8,-3.5,5.5,0.9,0.7,6.9,6,-5.6,2.7,-10.3,5.3,-6.4,4.6,-3.3,-6.3,7.7,35.4,4.8,-12.7,1,14.6,-5.9,14.2,-10.3,-4.3,1.5,0.8,-2.7,6.9,6.1,4.7,4.3,5.8,-7.7,-8.9,-7.6,5.6,-5,-1.4,-11.7,-22.7,-4.6,-16.9,4,4.9,-13.6,-3.5,-43.6,-1.3,-5.6,17.1,14.6,5.5,-7.5,-1.2,11.1,-11.8,-8.1,0.9,-30,4.8,2.6,0.5,-9.5,-3.7,0.4,-9.9,0.7,6.3,-5.8,4.9,-2.6,-0.7,-8.3,-13.6,-16.7]","[-5.9,-1.7,3.9,-4.1,-0.7,1.7,-9.4,10.3,3.9,4.2,-10,17.6,53.9,-0.5,-23.1,-12.6,14.6,-14.9,-12,-41,0,-2.2,-6.4,21,-4.2,5.4,-1.5,-2.2,-6.3,11.6,-53.1,-14.5,-16.4,-2,1.3,-0.2,-16.9,-12.3,-14.2,-17.4,1.2,-25,-23.4,-48,-30.5,10.4,-19.5,-42.5,3.7,2.4,-2.5,-9.7,0.9,2.8,-12.7,13.3,2.1,4.9,-3.5,-0.3,-0.3,0.1,4.1,-2.7,-6.2,-5.3,-20.2,16,-1.7,8.3,-7.3,-0.8,4.6,1.6,8.6,11.9,-0.2,4.4,6.6,-9.1,-12.7,3.9,-0.4,-2,2.2,0.4,0.6,-0.6,-1.6,0,-1,1.2,0,2.2,0.7,1.7,-0.6,-2.5,3,-0.5,9.9,2,-0.1,4.8,0.6,3.8,-2,1.4,0.6,-1.4,2.3,-3.5,-1.5,-2.7,-1,-2.7,-1.1,13.5,-5.6,-1.9,-2.4,1.1,-0.3,0.9,-6.3,0.1,-4.3,-1.6,2.5,1.2,-4.1,-2.7,0.2,2.7]","[3.5,6,0.7,-12.3,-5.6,-5.9,-1.2,11.7,6.9,7.8,1.3,11.2,-20.9,13.6,9.8,23,6.2,18.1,-11.9,-16.2,9.1,-4.4,6.4,-2,-2.5,-4.2,4.8,3.7,10.4,-11.3,-17.1,4.9,-11.9,7.6,-2.5,-1.9,-8.7,-12.9,-12.1,-20.3,-49.5,-16.1,-29.3,-12.7,-27,-26.9,-17.9,-1.7,-15.5,-12.7,-7.3,-0.4,-3.7,-3.2,6.3,-8.9,-2.6,-0.6,2.4,-0.3,-1,1.2,0.4,1.2,1.3,-0.1,15.7,-8.2,-11,2.6,1.6,1.9,-0.7,-8.4,-1.8,1,2.1,-3.4,-3.6,-6.5,-3.5,-1.1,-1.2,3.4,-0.4,-1.8,1.5,-2.2,-2.8,-1.3,1.5,0.9,1.2,-1.5,-0.3,0.1,1.2,2.2,-1.5,-0.6,-2.8,-0.7,-2.3,-1.7,-3.8,0.1,-0.5,-3.9,-2.5,-1.1,-4.2,1,-4.6,-0.4,-0.1,-0.3,2.5,1.7,-2.9,0,-0.1,-4.7,-1.7,-1.1,-0.3,-0.2,2.2,-0.4,0,-1.3,0.7,-1.1,2.4,-3.1]"
"Sans nom","Freinage","21/01/2026 11:59:40","21/01/2026 11:59:50",10.01,"[-0.5,0.2,0.1,-0.1,-0.4,-1.1,-0.5,-0.3,-0.2,0.2,1.1,0.2,0.5,0.7,1.2,0.8,-0.7,-1.2,-0.3]","[-0.2,0,-0.3,-0.2,-0.1,-0.7,-0.6,-0.6,-0.3,-1.4,-1.8,-2.5,-2.8,-1.4,0.9,1.2,0.3,0.6,0.2]","[1.5,0.5,1.1,0.6,0.3,0.5,1.9,0.2,-0.6,0.2,1.6,1.8,2,2.5,2.2,-0.2,-1.1,-0.6,-0.9]","[22.1,-3.8,1.2,-0.7,9.3,50.8,-5.5,33.2,13.5,-23.8,-4.3,6.9,4.9,36.2,115.5,-27.5,-10.6,-12.3,13]","[-2.7,-0.8,0.3,21.1,0.8,-61.2,23,-2.7,15.9,8.2,9.2,12.5,-4.8,-14.5,7.7,-24.6,-8.8,0.5,-8.2]","[0.9,2.5,-1.1,2.2,-24.1,17.2,-16.6,10,-39.2,-14.8,-10.8,13.5,12.3,-10.7,10.6,4.5,-0.3,-4.7,1.1]"
"Sans nom","Freinage","21/01/2026 11:59:50","21/01/2026 11:59:56",6.13,"[0.1,0.1,0.3,0.5]","[1.7,1.2,-0.1,-0.7]","[-1.5,-1.8,0.2,-0.2]","[-2.4,-4.6,-16.5,5.6]","[2.8,5.3,9.3,-5.8]","[1.8,4.1,-3,-1.5]"
"Sans nom","Acceleration","21/01/2026 11:59:56","21/01/2026 12:00:02",5.12,"[]","[]","[]","[]","[]","[]"
"Sans nom","Conduite non agressive","21/01/2026 12:00:02","21/01/2026 12:00:37",35.21,"[0.4,-0.3,-0.1,0.9,0.2,-0.1,0.4,0.7,0.2,-0.8,0.8,-0.1,0.7,-1.1,0.3,0.4,0.3,0.3,0.4,-0.6,-1.3,0.7,0.6,-0.3,-0.6,-0.9,0,0.4,1,0.7,0.8,0.6,0.6,-1.3,-0.3,-0.1,0.5,0.3,0.6,0.3,-0.1,-0.2,-0.3,0.3,0.2,0.3,-0.4,-3.2,0,0.5,0,0.1,0.4,0,0.2,-0.1,-1.5,-0.2,0.1,0,-0.3,0,0.5,-0.5,-0.1,0.2,0.1,-0.9,1.1,-0.1,-0.5,0,-0.7,-0.2,-0.2,0.2,0.9,-1.5,1.9,1.1,0,0.1,-0.2,0.8,-0.2,-0.5,0.1,-0.8,-0.1,-0.3,1.3,0.5,0.2,0.3,0.2,0.3,0.1,0.6,-0.5,0.5,0.5,-0.7,-0.9,-0.2,-0.2,0.1,0.3,0.1,0.6,0.1,0.5,0.2,0.3,-0.1,0.2,-0.3,-0.6,0.1,-0.8,0,-0.2,-0.5,-0.3,-0.1,-0.2,0.2,0.1,-0.1,0.3,-0.1,0,0.2,0.4,0.2,0,0]","[-0.5,-0.1,-1,-0.3,-0.6,-0.5,-0.1,-0.1,-0.3,0.5,0.1,-0.8,0.3,0.2,0,0.2,0.1,-0.3,-0.5,0.6,-0.7,0.5,-0.3,-0.1,0.2,0,-0.3,-0.5,0.2,0.3,0.3,-0.8,0.3,0.5,0.5,-0.3,-0.4,0.4,-0.3,-1,0.4,-0.9,-0.2,0.1,-0.2,0,-0.1,-1.3,-1.2,0.3,0.5,0.2,0.6,0.2,-0.4,-0.4,0.1,0,-0.5,-0.8,0.4,0.1,0.3,0.4,0.8,0.4,0.3,0.5,0.3,-0.6,-0.1,0.4,0.1,0,-0.3,-0.3,0.3,0.4,-0.7,-0.4,0.3,0.1,0.8,0.1,-0.6,-0.6,-0.8,0.7,0.3,-0.1,0.2,-0.3,0,-0.6,-0.7,-0.6,0.9,-0.3,0,0,0.1,0,0,0.1,-0.5,-0.5,0,-0.2,0.5,0,-0.2,0.2,0.2,0,0,0,0.2,0.3,0.1,0.1,0.1,-0.1,0.2,0.2,0,0,-0.1,-0.2,0.1,-0.2,0,0.4,0.1,0.2,0.2,0.1]","[0.8,-0.3,0.7,1.2,0.6,0.9,0.2,0.1,0.2,-0.6,-0.6,1.9,-0.3,0.9,1,0.6,0.6,-0.1,-0.2,0.4,-2,-1.1,1.2,0,-0.9,0.2,-0.4,-1.4,-0.9,1.5,2.4,0.6,-0.8,-5.3,1.7,-0.9,0.9,0.5,-1.1,1.1,-1.1,-2.6,0.9,2.1,-0.5,0.5,-0.7,-0.4,1,0,0,-1.9,-1.9,-1.3,0.2,0.4,-1.2,-1.1,-1.9,1,-0.1,-0.3,2,-1.9,0.4,1.7,1,0.4,1.7,-0.7,0.4,-1,0.6,-0.6,0.1,0.2,-1.5,0,1.3,1.3,0,1,-0.1,0.1,-0.3,-2.3,-1.1,1,0.7,-0.1,0.4,-0.7,0.3,1.3,-0.9,-0.3,-3.1,-0.8,0.7,0.6,-1.3,0.2,0.1,-0.5,-0.6,0.6,0.5,0.8,0.5,0.9,-1,-0.4,0.1,0.1,0,-1.1,0.6,-1.2,-0.2,0,0.7,0.2,-0.1,-0.5,-0.6,0.6,-0.2,0.3,1,-0.7,-0.5,0.7,-0.2,-0.3,-0.7,-0.4]","[8.4,-10,8.2,5.1,-0.8,0.3,3.4,2,6.6,-11.2,-5.4,-36.8,-12,-3.6,-4.9,12.3,1.5,6.4,19,-31.9,2.6,30.5,12,-10.7,-6.5,-3.6,-8.2,26.5,-2.6,32.2,40.4,-17.6,22.7,2.2,-13,23.3,3,7.1,-7.4,16.6,-21.1,9.7,-13,9,-23.7,11.8,9.1,-1.5,22.8,2,3.5,10,-20.5,15.5,9,-4,-19.8,-23.2,10.1,11.8,0.3,2.7,9.3,-8.8,-25.8,-2.5,7.2,14.1,26,-8.7,10.6,-23.5,-2.1,-10.2,-3.8,10,-10,-27.3,64.8,22.4,10.4,11.7,-13,14.2,-10.5,-18.2,0,-46.3,5.9,2.4,7.7,-2.2,3.8,10,-10.8,-4.9,-15.9,9.8,-9.3,-4.8,-1.2,-8,-3.6,2.3,7.8,0.4,11.2,6.3,0.3,7.8,-0.1,1.4,7.8,-2,4,0.8,-14.8,-1.6,-0.5,9,7,-13.2,0.5,-10.8,2.4,8.2,5.5,9.2,10.6,-3.4,2,0.5,-1.1,-12.6,-4.8,10]","[3.6,-3.3,-2.7,-1.8,-1.3,-0.4,-2.3,5.2,5.1,5.6,11.8,-47.3,-9.8,-30.2,-31.2,-1.3,8.3,5,2.5,24.1,-12.9,5.8,41.1,2.8,-15.4,-8.2,1.6,5,12.1,3.6,-3.7,4.7,8.3,-7.5,0.9,-6.1,1.4,0.3,2.1,-2.2,1.7,-3.5,5,7.1,-4.9,-4.9,0.6,9.1,7.1,8.2,-2.1,1.7,-4.3,-1.9,0.3,-2.1,-16.9,-11.5,16.1,1.2,-2.4,-5.1,1.1,-5.2,-3.3,-1.5,-3.7,-3.9,-22.5,4.4,-1,-6,-0.8,-0.1,6.1,4.2,63.3,-22.3,25.7,21.2,7,-1.7,-6.9,11.6,-18.4,-14.7,-7.1,-51.1,-11.4,-3.6,5.6,-4,-8.2,5.8,-0.6,-2.9,-12.2,18.4,-5.7,-2.9,3.6,-5.7,-2.3,2.8,6.8,-7.8,-8.3,-23,-3.2,-4.9,12.3,0.3,-2.1,-2.5,7.2,-1.6,-22.2,2,-6.1,2.2,-2.1,-2.2,3.1,-0.8,2.5,2.9,-0.2,2.1,3.7,0,-5.4,-10.1,8.7,-6.9,0.8,-3.6]","[-2.6,-3.6,-7.6,1.4,1.8,6,0.9,1.4,5.4,-3.6,2.5,-18.1,-2.7,1.7,-0.4,28.9,1.1,9.3,-6.4,11.8,-1.2,33.3,-35.4,-18.5,6.2,10.6,-0.5,2.7,-9.1,11.1,-2.5,-2.8,4,20.7,-1.8,0,-1.5,1.8,-3.6,-3.1,2.1,-0.4,-1.8,3.1,-3.1,2.8,1.4,49,3.4,-2.9,4.8,-0.9,-2.7,4.8,2.5,-2,-1.7,0.1,-1.2,0.8,0.4,2.5,3.8,-4.8,-2.2,6.9,2.3,0.7,-12.3,-0.4,0.4,-0.2,4.3,1,5.6,0.7,-8.6,-12,10.9,-0.6,5.6,13.8,-2.7,-6,-0.8,4.8,5.8,-0.2,34.5,-6.6,0.5,-7.4,6.1,3.4,-2.6,1.1,-12.3,2,-1.2,5.7,-8.9,-4.4,3.6,-3.5,-0.4,-7,6.1,16.7,-17.8,0.6,0.4,-0.1,-0.9,2.2,0.9,-2.5,-15.9,0.5,1.9,1.3,1.5,-5.7,0.6,2.2,0.9,-0.3,0.3,2.5,-7,-4.5,2.5,1.1,4.6,-4.6,-0.9,1.6]"
"Sans nom","Freinage","21/01/2026 12:00:37","21/01/2026 12:00:47",10.01,"[0.5,-1.3,0.1,0,-0.5,-0.6,-1.4,0.9,0.4,0.9,0,-0.3,-1.2,1.6,0.7,-0.6,-0.2,0,-0.1]","[0,-0.4,-0.1,-0.2,-0.2,-0.7,-1.1,0.2,-0.9,-0.5,-0.1,-1.5,0.8,-1.1,-2.9,-3.4,-3,-4.1,-4.1]","[-1.2,-0.2,1.3,-2.5,-0.9,-1.6,-6.1,4.9,-0.7,1.9,0.1,-1.2,-1.4,2.2,3.2,3.5,2.5,4.1,4.5]","[-5.7,11.1,7.8,-19.2,-6.2,-5.9,-53.1,13.9,1.2,16.4,-0.4,4.8,7.1,37.3,-8.1,5.5,-2.3,-3.5,30.3]","[6.6,-33.1,-8.9,2.5,6.9,6.3,3.9,0.7,6.2,-1.5,5.7,-13.5,0.3,5.7,34.9,-2.6,4.6,3.5,10.4]","[-3.6,35.2,7.5,-0.1,4.1,4.6,-8.1,-4,-0.4,-18,-3.4,20.6,-9.4,-40,0.3,-0.3,-2.8,-0.3,-6.1]"
"Sans nom","Conduite non agressive","21/01/2026 12:00:47","21/01/2026 12:01:08",21.16,"[-0.5,0.5,1.5,-1.3,0.3,-0.3,-1.6,0.8,0.1,0.1,0.2,1.1,0,0.8,0.1,1.2,0.1,-0.5,0.5,0.9,0.7,0,0,-0.1,1.4,0,1.7,-0.5,-0.6,0.1,-2.4,0.7,-1,-0.7,0.5,0.1,-0.3,-0.8,0.2,0.2,-0.3,-0.3,0.5,0.1,0,0,-0.2,-0.2,-0.5,-0.7,-1.1,-0.9,-0.5,-0.3,-0.3,-0.3,0,0.2,0,0.3,-0.1,-0.2,1.1,0.3,-0.1,0.1,0.6,0.2,-0.3,-0.2,0,0.2,0.1,0.3,0,0.1,0,-0.3,-0.2,-0.2,-0.1,0,0]","[2.2,0.2,1,0.6,1,0.3,0.8,0.1,1.2,0.5,0.2,0.6,0.1,0.9,-0.1,1.1,0.4,-0.2,0.5,0.7,0.5,0.3,0.3,0.2,1.1,-0.4,1.1,-0.3,-0.2,0.1,-0.2,0.2,-0.3,-0.1,0.3,-0.1,-0.2,-0.2,0.1,0,-0.2,0,0.2,0,0,0,-0.1,-0.1,-0.4,-0.3,-0.4,-0.3,-0.2,-0.1,-0.1,0,0,0,0,0.1,-0.1,0,0.3,0.1,-0.1,0,0.2,0,0,-0.1,0,0,0,0.2,0.1,-0.1,0,0,0,0,-0.1,0,0]","[-0.2,-1.7,-1.3,-0.8,-0.4,-0.9,-1.9,-0.4,0.3,0,-1.6,0.6,-0.2,0.2,-0.1,1.3,0.2,-0.3,-0.2,-1,-0.3,-0.7,-0.5,-0.2,-0.3,0,0.4,-0.7,-0.4,-0.4,-0.6,0,0.3,-0.1,0.1,-0.2,0,-0.4,0.1,0.2,-0.2,0.1,-0.1,0.1,0,0,0.2,0.1,0.4,-0.1,0,0.2,0,0,0,-0.1,0,0,0,-0.1,0,0.2,0,-0.1,0.1,0,-0.1,-0.1,0,0.2,0.1,0.1,0.1,-0.2,0.1,0.1,0,-0.4,0.1,0.1,0.1,0,-0.1]","[-2.2,28,15.5,-19.1,3.4,-4.8,-14.1,10.8,-27.4,7.5,4.7,-4.7,-11.5,-3.3,18.5,4.3,-6.1,-15.9,3.1,-1.3,11.9,-3.2,0.9,-8.2,9.3,11.5,13.9,55.6,-26.5,-10.8,19.5,-13.1,2.9,-11.3,-7.6,-0.5,11.5,-4.7,0.8,1.7,3.5,-4.3,-2.3,1.2,0.2,0.4,4.1,1.2,-3.3,-0.8,3.6,-0.1,-0.7,1.2,1.6,0.6,-0.2,-0.3,-1.1,-1.3,-4.2,-4.6,-3.7,-2.3,-1.7,-2,-0.4,1.6,1.7,2.4,1.8,-0.9,-0.8,-1,0.7,0.2,0.5,-2.1,0.3,0.8,0.7,1.1,-1]","[-24.2,47.4,-20.9,16.3,4.9,23.9,16.4,-13.9,3.8,-26.4,-44.9,5.7,-9.8,10,50.3,2.7,8.5,13.8,7.7,1.3,4.4,11,1.4,18.7,-7.5,-21,-5.7,-132.5,68.1,27.7,-96.9,19.5,3.2,25.9,9.5,2.9,0.2,11.6,-1.9,-2.9,4.5,2.2,1.3,0.3,1.2,2,-4.3,2.1,11.8,8,-3.5,0.2,1.6,-1.6,-3.7,-2.2,-0.3,1.7,1.6,1.1,7.4,11.2,5.6,3.2,4.9,2.8,-2.3,-2.1,-4.5,-3.6,0.1,1.3,0.8,1.7,0.6,-0.1,-0.4,-1.9,0,0.4,0.4,0.4,0.3]","[6.6,-20.9,5.3,-1.3,11.2,-2.5,-19,5.6,1.6,26.5,-54.3,2.9,4.8,0.8,-26.1,8.6,1.1,-3.7,-17,-8.5,0.4,-10.2,-2.4,-8.9,17.7,-25.3,-2.7,15.7,-3.6,-8.4,-15.5,0.8,2.1,-5.9,-17.3,-2.4,5.3,-2.8,-1.4,3.4,9.6,-16.3,-2.7,-1.8,-1.4,0.6,7.8,4.8,-3.3,3.1,4.8,-0.4,2.1,-2.1,7,4.8,-0.5,-4.1,-1.4,-1.5,0.1,-17.1,-9.9,-3.6,-3,-4.9,-6.5,6.4,9.4,4.2,1.9,-3.5,-2.3,-0.9,-1.7,0.5,0.1,2.5,0.5,0.8,0.2,1.7,0.6]"
"Sans nom","Acceleration","21/01/2026 12:01:08","21/01/2026 12:01:18",10.01,"[0,0.1,-0.1,0.2,0.2,0.1,-0.4,0.1,0.7,0.8,0.2,-0.7,-0.2,0.4,0.6,-0.2,-1.5,-0.3,0.2]","[0,0,-0.1,0,0,0.1,-0.3,0.2,0.3,1.4,2,2.1,1.9,2.6,1.3,0.8,1.6,1.6,2.6]","[-0.1,-0.5,0.5,0,0.2,-0.2,0.6,0,-0.4,-0.8,-1.7,-1.7,-2.4,-1.9,-0.5,-1.6,-2.8,-1.7,-0.9]","[-0.7,-9.9,0.5,-1.4,0.6,4.4,0.8,-1.4,15.3,4,-4.1,-0.8,-12.6,-23.9,9.9,24.1,9.3,14.3,1.4]","[-0.3,27.5,-1.3,3.3,-2.3,-10.4,8.3,-3.2,-12.3,-4.2,-6.2,-8,3.7,13,5.5,10.8,17.7,-15.1,-36.3]","[0.1,-7.4,0.9,-3.3,2.6,-8.6,11.3,10.1,2.7,-0.9,2,7,-13.7,6.7,1.8,6.2,2.4,-7.8,-6.6]"
"Sans nom","Conduite non agressive","21/01/2026 12:01:18","21/01/2026 12:01:36",17.71,"[0.3,0.5,-0.1,0.1,-0.2,-0.1,-0.5,-0.1,0,0.6,0.3,0.5,-0.1,0.6,-0.9,0.3,-0.3,-1.1,0,0.2,0.1,-0.4,-0.2,-0.3,0.1,-0.2,0,-0.2,-0.2,0.5,0.3,0,0.3,0.2,0.3,0.4,-0.3,-0.3,0.2,0.2,-0.7,0.4,0.2,0,-0.2,0.4,0.2,0.6,-0.4,0.1,0.2,-0.1,0,-0.6,-0.6,-0.4,-0.5,-0.4,0.6,-0.3,-0.3,0.3,0.4,0,0.5,0,0.4,0.2,0.3]","[-0.6,-0.4,-0.4,0.2,-0.4,-1.4,-0.3,-0.1,-0.3,0.1,0.2,-0.5,-0.1,0.4,0.2,-0.8,0.5,-0.7,0.4,-0.9,-0.6,-0.5,-0.9,-0.7,-0.6,0.1,0.1,-0.7,0.1,-0.6,0.2,-0.1,-0.1,-0.3,-0.3,-0.6,0.4,-0.7,0.2,0.4,-1.1,-1,-0.1,-0.5,0.1,-0.4,-0.9,0.7,0.6,0,-0.1,0.7,0.1,0.9,1.5,0.5,-0.1,0,0.2,0.3,-0.5,0.2,1.1,0.4,-0.5,-0.4,0,0.3,-0.3]","[1.4,0.9,0.4,1.1,1.4,0.6,2,-1,-0.9,-0.8,-1,0.4,1.1,4.3,-1.7,0,1.1,-0.3,1,-0.8,1.4,-0.6,0.5,0.1,-0.1,-0.4,0.8,-0.6,1.3,0.8,1.4,0.3,-1.8,-0.9,0.3,0.6,0.1,-1.8,-0.2,0.1,-3.7,2.7,0.9,-0.3,0.4,-0.7,-2.5,5.6,0.8,1.5,0,2,0.6,1.6,1.9,-0.9,-0.9,0.4,0.9,1.2,-1.5,1.2,-0.8,1.1,2.2,0.9,1.6,-1.2,-0.3]","[14.5,-8.5,0.7,21.5,3.1,-2.6,-8.5,-6.9,-12.8,10.2,0.6,-2,-1.7,-30,-4.2,3.9,-20.7,-2.2,-19.7,-2.3,11.5,-10.2,16.2,10,5.2,-6.5,-3.3,15.5,-30.1,18,-1.3,0.3,-6.6,17.7,8.5,29.1,-22.9,47.4,15.2,-12.3,-13.8,16,-5.5,3.7,-17.1,3.2,-7.8,-11.4,-22.7,17.6,5.2,-3.2,0.5,-11.8,-48.7,-5.8,-8.7,4.4,-0.7,8.7,0.4,-3.9,-10.6,2.4,15.7,9.9,12.2,-14.4,4.1]","[20.5,1.3,7.4,-12.7,-6.4,1,-14.6,-2.7,-15.2,8.2,1.6,3.9,-1.9,-9.1,-14.9,-1,-7.9,8.9,-7.7,-5.2,3.4,-4.2,-0.6,0.1,3.6,-4.2,-0.3,3.1,-11.6,6.7,0.9,-3,8.8,11,2.2,6.1,-6.4,11.3,-4.7,-9.7,-1.1,5.8,-2.1,4.5,-3.5,3.6,13.4,-11.8,-15.3,-0.3,6.2,-1.9,5.5,-3.4,-13.5,-1.3,-2.8,3.6,2.4,-6,-0.3,-10.1,-0.6,3.8,2.3,-5.2,-7.1,-5.6,4]","[-2.7,-3.3,3.5,5.2,0.5,-1.3,-5.2,-0.7,-11.1,-5.5,-0.2,-0.7,-3.1,-17.7,4.4,0.8,-1,5.5,-2.8,-2.7,1,2.1,1.9,0.7,-0.8,2.4,0.6,0.3,-0.1,-0.6,-2.6,-0.1,-2.2,-0.4,0.2,0.1,-0.5,-1,-0.9,0.3,-1,2.3,-3,0.3,-0.4,0.6,-6.2,7.5,3.6,-2.3,-0.1,0.6,-0.8,0.7,5.9,2.5,2.4,-0.7,1.5,8.2,3.1,-1,-1.1,1.3,1,5.6,2.1,-0.2,-1]"
"Sans nom","Changement de voie a gauche","21/01/2026 12:01:36","21/01/2026 12:01:46",10.01,"[0.4,0.5,0.2,1.2,0.2,0.5,0.2,-0.2,0.7,-0.4,-0.3,0,0.5,0.1,0.4,-0.1,-0.1,0.2,-1.1]","[0.2,-0.2,0.5,1.3,0.1,0.2,0.3,0.5,-0.2,-0.7,-0.9,0.3,-0.3,0.1,-0.4,-0.1,0.1,-0.4,-0.2]","[-0.5,0.6,1,3,-4.3,0.6,1.6,1.1,0.6,0.5,1.5,0.5,0.7,-1,-0.2,0.7,-0.2,0.7,-1.3]","[-6.1,21.6,1,-5.2,-5.1,45.4,-16,1.2,-23.2,-8,-17.1,4.5,8.3,3,2.6,1.7,-6.3,20.2,6.4]","[1.2,0.1,-8,10.4,8.2,14.9,-11.7,-1.3,-3.3,-9.8,-6.8,-0.7,1.4,8.3,4.2,2.3,-4.6,10.4,20.9]","[-3.6,-4,-0.6,-0.2,-5.5,-6.8,0.9,1.7,-10.1,1.6,0,2.7,-4.4,1,-1.5,-0.8,-0.9,7,0.1]"
"Sans nom","Changement de voie a droite","21/01/2026 12:01:46","21/01/2026 12:01:55",9.39,"[-1.7,1.2,0,-0.3,-0.2,-0.6,-0.1,-0.2,0.3,0.5,1.4,0.8,2.6,1,1.5,-1.1,-2.7]","[-0.8,1.1,0.9,0.8,0.2,-0.1,-1.4,0.2,0.1,0.1,1.2,0.8,0.9,1,0.8,1.1,0.8]","[-0.2,-2.5,-1.5,-0.4,0.1,-0.2,0.3,0.1,-0.3,0.2,-1.3,0.6,-0.5,-1.9,-1.2,-1.5,0.1]","[-13.8,8.8,-18.9,-0.5,-8.1,-3.7,11.6,18.8,12,2,-11.9,24.6,3.2,-3.2,-9.2,10.4,8.6]","[-54.2,-2,13.3,-2.6,-4.1,4.7,0.7,-6.1,-15.5,-8.9,17.4,-38.3,-10.8,-28.8,4.8,-23.8,27]","[7.6,13.6,-11.7,-1.6,-0.5,1.8,4.4,2.2,4.4,2.1,0.5,-10,1,-8.4,-5.8,-16.7,13.9]"
"Sans nom","Changement de voie a gauche","21/01/2026 12:01:55","21/01/2026 12:02:01",6.09,"[-2.3,-0.9,-0.9,1.5]","[0,-0.1,-0.4,-0.1]","[0.3,-0.4,0.2,-0.8]","[-7.1,-0.6,0.7,1.5]","[4.3,7.3,-8,-17.7]","[-12.2,5,5.7,7.1]"
"Sans nom","Conduite non agressive","21/01/2026 12:02:01","21/01/2026 12:02:16",15.29,"[-0.1,-0.3,0.8,-0.8,-0.7,0.3,-0.2,0,0,-0.1,0,-0.2,-0.1,0,0,-0.2,0,-0.1,-0.3,-0.1,0.2,-0.6,-0.1,0.9,-0.2,0.2,0.1,-0.1,0.3,0,0,-0.2,-0.2,0,-0.5,-0.6,-0.8,-0.6,-0.4,-0.4,-0.4,0.3,0.1,0.7,1,0.5,0.7,0.1,0,-0.1,0.1,0,-0.1,-0.1,-0.4,0.6,0,-0.1,-0.3]","[0.3,0.6,0.6,-0.1,0.1,0.2,0,-0.2,-0.2,0,0.1,0.3,0.3,-0.1,-0.1,0.1,0,0.3,0.2,0.4,-0.3,-0.4,-0.5,-0.7,-0.1,-0.1,0,0,0,-0.2,-0.2,-0.1,0.2,0.2,-0.2,-0.2,-0.2,0.1,0.1,0.3,-0.3,0.6,0.3,0.3,-0.2,-0.1,-0.2,-0.2,-0.1,0,0,-0.1,0.2,-0.1,-0.2,0.1,-0.1,0,-0.3]","[0.8,1,0,-1.3,-0.9,0,-2.2,1.4,-1.4,0,0.5,0.3,0,-0.6,0.4,0,-0.3,0.8,-0.6,0.7,-0.6,-0.2,0.1,0.3,0.4,0.6,-1.3,1.1,-0.4,-1.1,-0.1,-0.4,-0.5,0.2,0.5,-1,0.3,-0.5,-0.1,-0.7,-0.2,-0.2,0.6,0,-1.4,-0.4,-0.5,-0.1,-0.3,0.1,0.4,1.7,0.5,1.5,0.7,-0.3,0,-0.5,0.5]","[-2,2.6,26.2,-4.8,-2.4,-5.3,15.4,9.7,7.8,-0.1,0,-4.7,-3.5,1.5,-1.3,-4.4,1.8,-2.3,-4.9,-6.9,6.2,-1.5,5,-2.2,-5.6,5.1,-12.9,-5.6,-6.5,-6.7,-22.8,-3,-5.4,-11.8,2,-11.2,3.8,0.7,0.5,-5.5,7.6,-19.7,-4.7,-1.2,8.5,-6.8,-2.3,3.6,-1.5,-0.6,-7.9,10.1,-2.7,1.9,3.7,3.8,-3.3,0.2,3]","[-4.2,-7.3,-3.5,-11.7,12.8,-5.6,14.4,-0.1,4.8,-2,-10.5,-5,1,-1,3.8,0.8,2.7,-3.7,-5,-1.4,-3.5,-4.8,0.3,-0.5,0.2,10.5,6.7,-8.3,-0.6,1.4,25.6,2.2,14,9.4,-1.8,5.9,3.8,5,3.3,4.9,-0.9,3.6,-1.7,11.9,0.4,5.6,7.2,-0.2,1.5,0.3,-0.3,-1.4,1.9,-4,-3.7,1.7,2,-0.4,3.7]","[-0.4,11.6,18.6,18.4,6.4,6.7,2,0.2,4.1,-2.6,-3.2,-3.6,-2.6,0.2,-2.9,-1.9,-0.4,-0.4,2.7,-0.9,5.1,4.4,-1.4,-6.4,-3.7,1.4,-8.1,0,-3.3,-0.2,6.2,1.2,1.3,6.4,2.9,-0.9,5.2,4.2,3.5,-0.4,9,6.3,-0.4,0.7,-5.5,-0.4,-1.4,0.1,-1.2,-1.7,-2.5,2.6,-4.2,-0.2,2.3,-0.8,0,0.3,-1]"
"Sans nom","Changement de voie a droite","21/01/2026 12:02:16","21/01/2026 12:02:26",10.01,"[0.2,0.2,0.2,0.2,-0.4,0,0,0.5,0.2,0.4,0,0.5,1.8,1.8,1.3,-2,-0.5,-1.1,-0.2]","[0,0.3,-0.1,-0.1,0.3,0,0.5,-0.2,-0.1,-0.1,0,-0.2,-0.3,0,0.1,0.5,-0.1,0.3,-0.2]","[0,-1.1,-0.2,0,1,0.3,0.5,-1.3,0.7,-0.6,0,0.1,1.7,-0.1,-0.3,-1.2,-1.1,0.6,-0.3]","[-4.6,-8.6,2.6,14.5,-0.8,-3.4,-2.2,16.2,-0.3,-3,7.3,-1.4,17.6,-3.4,-0.3,-6,-1.7,-0.1,-0.6]","[0.9,4.6,6,-4.9,6.2,-6.6,-8.8,4.4,0.3,-1.2,-4,-2.7,-0.6,-3,6.8,1.6,-2.1,0.6,0.8]","[-8.2,-4,-0.7,4.8,5.1,0.2,-7.7,2.1,-3.4,-4.2,0.2,3.4,-10.4,-5.5,-7.9,-1,3.3,3.9,0.2]"
"Sans nom","Freinage","21/01/2026 12:02:26","21/01/2026 12:02:33",6.82,"[0.2,0.1,0.3,0.1,0.4,0.6,0.6]","[-0.4,-1.1,-1.9,-2,-1,-2,-0.8]","[0,2.2,1,2.3,5,2.9,4.3]","[-2.8,-5.7,8.3,10,2.6,23.3,-1.4]","[-8.9,-2.3,-3.4,12.3,-4,15.5,-5.8]","[0.4,4.2,-0.3,-4.2,6.9,-9.9,13]"
"Sans nom","Conduite non agressive","21/01/2026 12:02:33","21/01/2026 12:02:55",21.55,"[0.2,0.2,-0.5,-0.1,0.2,0.1,0,0.1,-0.3,-0.5,-0.4,-0.5,-0.3,-0.3,0.1,0.2,-0.2,0,0.2,0.1,0.1,0.4,0,-0.4,-0.2,0.2,0.1,0.7,-1,-4.6,-0.6,1.8,0.6,0.2,0.4,0.3,0,0.6,-0.3,-0.1,-0.5,-0.4,0.3,-0.7,1.8,-2.6,-1,-1.6,-0.1,0.1,-0.6,1,-0.6,0.9,-1.8,-0.5,-0.7,-1.2,-1.1,0.6,-1.3,0.2,-0.1,-0.3,0.1,-0.9,-0.2,0.2,1,0.4,0.9,0.4,-0.4,0.3,-0.1,-0.1,0.1,0.8,0,0.8,0.6,-0.2,-0.1]","[0.4,0.3,0.6,0.3,0,-0.1,0.1,0.2,-0.1,0.4,0.2,0.4,0.3,0.2,-0.1,-0.3,0.1,-0.1,-0.3,0.2,-0.3,-0.2,0.2,0.3,-0.1,-0.1,-0.4,1.2,-3.3,6.3,0.3,0.9,0.2,-0.6,-0.3,-0.1,0.4,0.2,-0.1,-0.8,-0.3,0.2,0.5,-0.5,0.1,-0.8,0.7,-0.2,-0.3,0.1,0.6,0.1,-0.4,1.3,1.2,-0.6,-0.5,-0.7,-0.1,-0.4,-0.5,-0.2,-0.1,0.1,0.6,-0.4,-0.2,0,0.1,0.4,0.3,0.2,0,0.2,-0.1,-0.1,0.1,0.2,-0.1,0.3,0.3,-0.2,-0.1]","[0,0.4,-0.3,0.1,0.1,0.1,-0.1,-0.1,0.8,-0.1,0,-0.2,-0.1,0.1,0.2,0.1,-0.2,-0.1,-0.1,-0.1,-0.7,-0.5,-2.2,-0.1,-0.8,-0.3,0.3,-1.6,0.9,0.6,1,-1,-0.3,-0.9,-0.4,-0.2,0.1,0.7,1.2,0.9,1.3,-0.3,0.2,-1.2,0.9,0.8,-1.2,-1.4,1.8,2.1,0.9,0.2,-1.3,1.2,-0.5,0.3,1.7,-0.8,3.7,-0.7,0.1,-0.7,-0.4,0,-1,0.7,0.1,0.1,-1.2,0.5,-0.2,-0.5,-0.1,-0.5,0.2,-0.9,0.1,0.8,0.3,-0.3,-0.7,0.4,-0.2]","[4.5,10,0.8,0.7,-4.7,1.8,-3.5,-2.5,6.1,-5.7,-0.9,0.7,0.6,0.9,-0.6,-4,-1.3,-2.3,0.2,-5.4,-4.8,11.4,5.8,-7.4,-6.1,-8.6,12.6,29.2,-50.4,-134.7,-53,-16.5,7.4,-3.3,7.1,1.5,5.6,25.7,12.6,27.3,0.9,-6.9,1.8,-21.2,-27.2,-31,-107.9,-46.5,-4,15.9,13.6,11.7,2.8,-5.9,-37.2,-53.3,43.9,5.9,76.8,23.7,14.8,-10.9,-16.4,-10.6,-28.3,8.4,7.5,-5.7,0,29.9,-10.7,10.8,-2.4,-16.2,3.3,14.1,12.2,-21,-1.4,6.2,-3,10.2,-5.5]","[15.3,3.2,5.6,-0.3,-3.3,-1.4,-20.7,-8.1,-1.9,-3,8.7,3.2,1.8,-0.9,-1.4,-5.5,0.4,-2.2,3.8,-2.8,5.4,-11,-12.8,14.4,2.8,5.2,2.9,-10.5,-6.6,-15,40.2,30.5,7.5,0.6,-0.9,9.6,-1.3,-22.3,-2.2,-29.8,7,10.2,-29,2,-4.1,25.6,-6.4,-44.4,-20.9,-8.4,-9.7,2.7,20.1,31.7,4.9,68.3,-49.2,33.5,-59.2,-38,-36.1,4.1,8.4,-2.3,36.1,-14.2,-7.1,-2.2,21.9,-49.4,22.4,-10.5,-1.4,1.9,3.7,0.6,0,-17.3,-0.6,3.8,4.9,2.1,22.2]","[1.9,-5.9,0.8,-1.9,1.3,-7.2,1.5,8.6,-0.6,4.2,-2.4,1.1,-0.2,0.3,-0.7,0.3,5.5,-3.3,-4.5,9.2,10.8,3.1,-9.7,10.2,8.2,-14.1,-13.6,-15.6,20.4,12.5,-3.5,-1.5,-7.4,-15.9,4.1,18.8,-6.9,5.6,0.7,12.5,1.2,-23.6,4.8,-12.1,5,50.4,-25.1,-3.9,-0.8,-11.4,18.5,-3.1,4.1,4.9,-17.4,-9.6,33.8,-58,-15,4.2,38,-22.7,-15.9,10.5,-9.4,6.3,2.9,-10.3,-9.1,-13.9,-11.3,9.3,12.9,-6.8,-2.7,5.5,-2.2,12.6,-6,0.5,5.9,0.4,6.2]"
"Sans nom","Acceleration","21/01/2026 12:02:55","21/01/2026 12:03:05",10.07,"[-0.4,-1.1,0.3,-0.3,0.1,1,-0.9,2.1,0.6,-0.2,-1.8,0.7,0.1,-0.4,0.1,-0.6,-0.3,0.6,0.8]","[-0.7,0.1,-0.1,0,-1.4,0.3,-0.6,0.5,-0.2,-0.3,-0.8,1.4,1.7,2.7,3.1,3,1.8,-0.9,-0.9]","[-1.3,0.1,-0.1,-0.2,-0.5,-0.7,0,2.1,0.8,-0.4,-0.7,0.8,-1.6,-2.4,-2.5,-2.6,-2.2,0,2.5]","[2.3,-11.2,-5.5,-8.1,-2.1,-10.7,32,8.4,22.5,9,-13.4,2.2,-5.2,12,1.8,-15.7,3.3,-24.7,1.3]","[29.7,-1.9,1.6,16.5,29.8,24.6,25.1,-0.2,-29.3,-29.7,-10.2,-13.6,-1,-18.5,-12.2,6.2,4.3,-5.7,10.2]","[-8.5,12.7,-1.1,10.2,24.4,-61.2,-0.3,-21.2,6,21.1,-16.1,28.3,-5.1,2.8,4,-4.3,-3.4,-5.4,4.1]"
"Sans nom","Conduite non agressive","21/01/2026 12:03:05","21/01/2026 12:04:21",75.63,"[0,-0.6,-0.5,-0.4,0.1,0.4,-0.6,0.7,-0.2,0,-0.2,-0.2,0.1,0.3,0,0.6,-0.6,1.1,1,0.3,0.2,-0.2,-0.2,0.4,0.1,0.3,0.7,0.2,0.4,0.6,0.2,-0.3,-0.6,-0.8,-1,-0.6,0.4,0.7,0.3,-0.8,-0.4,0.9,0.2,0,-0.3,-0.4,-1.4,0.3,0.2,-0.2,-0.9,-0.3,0,1,0,-0.8,0.6,-0.7,1.1,0.8,0.7,0.5,-0.4,-1.2,-0.6,-1,-0.2,1,0.6,0.2,0.9,0.4,0.3,-0.2,0.7,0.1,0.6,0.1,0.2,0,-0.2,0.5,0.6,0,-0.6,-0.1,-0.6,0.3,-0.2,0.1,-0.2,-0.4,-0.2,-0.4,0.2,0,-0.2,-0.3,0.1,-0.2,-0.2,-0.3,0.3,0.1,0.1,0.1,-0.1,0,0.2,-0.2,-0.1,0.2,0.2,0.5,0.6,0.2,0.1,-0.2,-0.3,-0.4,-0.3,0,-0.2,-0.1,-0.2,-0.1,0.1,-0.5,-0.8,0.1,-0.4,-0.2,-0.1,0.2,-0.2,0.3,0.2,-0.1,0,0.1,-0.4,-0.3,-0.4,0,0.3,0,0,-0.3,0.3,0.4,-0.3,-0.4,0,-0.2,0.1,0,-0.4,-0.1,0,0.3,0.1,-0.1,0.2,0.4,0,0,0.3,0,-0.4,-0.1,-1.1,-0.3,0.2,0.2,-0.3,0.4,0.5,1.1,-0.1,0.2,0.9,0.1,1,0.9,0.6,0.5,0.4,0.8,-0.2,0.2,0.1,-0.4,-0.5,-0.9,-0.7,-0.6,0,-0.2,-0.4,-0.2,-0.2,-0.3,-0.3,-0.8,-0.1,0.3,-0.5,0.4,0.4,0.6,0.6,0.2,0,-0.4,0.1,-0.1,-0.6,-0.3,0.2,-0.3,0.2,0,-0.1,0.1,0,0.1,0.2,-0.1,0.1,-0.2,-0.1,-0.6,0.2,0,0.4,0.3,0.3,0.5,0.3,0.1,0.3,-0.5,-0.1,-2.7,0.4,-0.8,-0.9,-0.2,0.3,0.2,0.2,-0.2,0.3,-0.1,-0.5,0.1,0,-0.4,-0.1,-0.6,-0.1,-0.3,-0.6,-0.4,0.2,0.4,0.7,0.5,0.7,0.2,0.3,0.3,0.2,-0.2,0.1,0.4,-0.2,-0.3,0.4,0.3,0,0.1,-0.3,0.2,0.3,0.1,0,0.2]","[-0.1,-0.4,-1.1,-0.1,0,0,-1.1,0.7,0.2,0,-0.4,-0.9,-0.4,-0.9,-0.6,-0.2,-1.6,1.4,0,-0.6,-0.8,-0.1,-0.2,-0.3,-0.3,-0.1,0.6,0.2,0.6,0.4,0,-0.7,0.2,-0.4,-0.9,-0.1,0.1,0.5,0.1,-0.3,0.2,0.2,0,-0.2,0.9,0.2,-0.7,0,0.1,0.3,0,1.2,0,0.4,-0.2,0.1,-0.2,-0.1,0.1,-0.2,-0.2,-0.1,-0.1,-0.5,0.5,-0.1,-0.5,-0.1,-0.1,0,-0.4,-0.2,-0.1,-0.4,-0.4,-0.1,-0.5,-0.5,-0.9,-0.8,-1,-0.7,-0.2,-0.2,0.8,0.1,0,0,0.3,0.3,-0.2,0,0.2,0,0.2,0,-0.1,0,-0.1,0,0.1,0.2,0.1,0.1,-0.1,-0.3,-0.2,-0.5,-0.2,-0.2,0.2,0.1,0.7,0.8,0.8,0.5,0.5,-0.4,-0.5,-0.5,-1.1,-1.6,-1.7,0.8,0.3,-1.3,-1.6,-0.5,0.1,0.2,0.4,0.2,0.9,0.7,1.2,1,1,1.1,0.6,0.1,0.2,0.7,0.6,0.1,-0.4,-0.1,-0.1,0.4,0.9,0.1,0.5,0.2,-0.1,0.2,0.4,0.5,0.7,0.1,0.2,-0.2,0.4,0.4,-0.1,0,-0.2,0.2,-0.1,-0.2,-0.1,-0.2,-0.4,0.1,-0.3,0.1,0.3,0.3,0.6,-0.1,0.5,0,0.3,0.3,0.9,0.7,0.2,-0.3,-0.9,-0.7,-0.3,-0.8,0.1,-1.2,-0.2,-1,-0.7,-0.3,-0.4,-0.2,-0.1,-0.9,0.3,0.4,-0.5,0.3,0.3,0.8,0.4,-0.2,-0.4,0.3,0.1,0.1,0,0.3,0.4,-0.3,-0.4,-0.4,0,0.1,0.4,0,0.2,0.3,0.3,0.1,0,0,-0.4,-0.5,-0.3,0.1,-0.5,-0.4,0.7,0.4,0.1,-0.3,-0.1,0.1,-0.7,-0.4,-0.3,-1.6,0.2,0.8,0.4,0.2,0.6,0.6,-0.2,0.2,-0.3,-0.4,-0.2,0,0,-0.2,-0.1,0.4,0,-0.3,0.5,0,-0.2,0,-0.3,-0.5,-0.2,-0.3,-0.3,-0.4,0,0.4,-0.1,0.8,0,-0.1,0.4,0.3,-0.1,0.1,0.6,0.2,0.3,0.2,-0.2,-0.2]","[0.1,0.6,0.1,-0.5,1.1,0.4,-2.6,0.1,-0.5,0,-1.2,0.6,0.2,0.3,1,1.3,-0.2,1.9,-2.5,0.1,1,-0.1,1,0.6,0.8,0.2,-0.6,1.2,-0.1,-1.1,-0.2,-6.6,-0.5,-0.4,-0.6,-0.7,-0.1,0.3,0,0.3,-0.6,-0.9,-0.2,0.8,1.5,0.3,0.1,-0.2,-0.6,0.1,0,-1.3,0.1,-0.1,-0.6,0.1,-0.2,1.9,1.3,-0.2,0.1,-0.5,-0.3,0.3,1.3,0.2,-0.5,-0.1,1,-0.2,0.3,-1.2,0.3,-0.3,0,0,0.5,0.3,0.9,0.4,-0.4,1.4,1,0.3,-1.8,1,-1.4,0.6,-0.1,0,1.1,-0.3,-0.5,-0.2,-0.7,-0.5,-0.1,-0.2,0.7,0.7,1.4,-0.1,0.5,-0.1,-0.1,0.9,0.1,0.2,0.7,0.4,0.6,0.2,-0.3,-1.2,-0.9,0.1,0.1,-0.2,0.3,-0.5,-0.3,0.6,0.9,-1.2,-1.8,1.3,1.6,0,-0.1,-0.3,-0.7,-1.4,-0.7,-0.1,0,-0.1,-0.5,-0.1,-1.3,0.1,0.3,-0.7,-3.3,1,2.3,0.6,-0.2,0,-0.6,-0.9,0.2,0.1,-1,0.7,-0.5,-1.2,-0.9,-1.2,-0.7,1.5,0,0.3,0.3,0.5,0.9,0.6,0.6,0.3,1.3,0.4,-3.2,1.6,0.5,1.2,-1,-1.2,-0.7,0.2,-1.9,1.7,0.1,1.2,-1.6,1.2,0.4,-1.5,1.1,2.1,0.2,-0.2,0.1,0.6,-0.5,-1.1,0.4,-0.9,1,-0.7,-2.2,1.1,-0.8,-1.3,-2.6,-0.9,-1.8,-1,-1.8,-1.8,1,2.7,0.8,0.5,-0.6,0,-0.6,-0.3,-1,-0.5,-0.4,0.3,-1.9,-0.2,-0.9,0.2,-1,1.5,-0.4,0.3,-0.2,0.2,0.1,0.3,0.9,0.6,-1,-0.5,0,0.5,0,1.7,-1.8,0.7,1.8,-3.5,1.2,-1.1,-0.6,-0.6,0.2,-1.5,0.3,-0.3,0.3,-0.3,0.3,-0.4,1.6,0.1,0.3,-0.3,0.4,0.3,-0.2,0.2,-0.1,-0.3,0.3,1.4,-0.7,0.8,0.1,0.9,-0.5,-0.8,-0.1,-1.3,-0.5,-0.7,0,-0.7,-0.2,-0.6,-0.9,0.8,-0.4,0.1,-0.4,-1]","[8.4,-7.2,-3.7,-1,-4.9,-2.6,-6,-10.4,-7,15.2,11.5,15.7,-12.4,7.9,15.9,4,45.9,-12.6,-19.5,-2.3,6.9,-14.7,-3.6,3.3,-2.3,-5,-1.8,7.7,-0.9,-6.3,15.2,1.5,-40.7,-9.7,-8.4,-19,4.9,-13.2,1.4,5,2.9,4,11.8,1.4,-2.8,-4.5,7,18.2,6.3,-12.4,-2,-23.5,5.5,-11.4,7.1,-1.5,6.8,-2.6,1.4,22.9,25.1,-1.1,-9,1.4,-4.6,-3.6,-13.6,6.3,3.6,-3.6,-0.3,-3.9,-3.3,-4.7,-5.5,-9.7,-3.6,-4.7,11.3,6.6,-8.5,-1.5,8.1,4.5,-25.3,21.1,8.8,2.8,2.4,0.3,-5.7,1.4,-0.4,0.2,-3.1,-11.4,8.6,-5.6,2.5,-14,15.5,-2.5,9.4,5.4,-0.4,-0.3,-11.8,2.5,2.1,7.8,2.2,-3.4,8.6,-0.6,-9.1,-1.4,3.2,5.9,-1.3,0.6,-8.8,3.3,4.3,2.2,-11.7,4.5,-0.4,-5.8,-2,-1.5,-3.4,-3.9,-12,2.1,0.2,-5.3,-1.1,-4.2,-9.6,-2.9,0.9,-31.2,-18.3,8.5,6.4,4.7,3,2.3,-11.9,2,-3.5,1.3,-1,2.7,-10.4,-12.7,-27.4,-13.5,4.2,12.8,-7.1,-0.3,-6.5,-3.9,-7.2,-9.7,-0.3,-1.3,-3.5,22.4,8.6,12.8,24.8,8.4,-0.5,3.6,7,15.7,-15.4,6.2,7.5,8.7,-1.9,11.6,-12.2,-9.4,17.6,24.7,-4,8.8,-0.6,26,-5.3,-19.8,-2.3,-4.4,28.6,-11.9,-9.7,19.1,0.3,-10.2,13.4,18.6,-8.9,-17.7,-1.8,6.1,24.3,17.3,11.1,-4.4,-3.5,-0.8,-2.6,-7.8,-5.9,-14.2,-6,1.3,-4.6,-1.6,3.4,3.8,-11.3,11,0.1,2.2,-1.4,0,7.7,-15.2,3.7,0.1,-7.3,-0.5,0.3,0.8,2,8.3,-16.3,13.3,34.9,-44.6,11.4,-13.5,-6.2,-5.9,3.4,-7.8,1.2,-22.3,5.4,1.9,-0.8,22.3,45.6,11.5,-1.5,2.2,1.6,12.6,-8.1,3.5,-4.4,-2.4,-0.9,8.4,-14.2,-6.7,2.3,-2,0.6,-16.8,0.4,-6.1,-0.1,-6.7,9.4,-0.2,-2.1,3.3,-9.6,2.8,4.5,-3.7,-5.4,-9.1]","[4.8,-2.5,-11.4,-0.8,-1.9,-0.6,-24.5,-2.6,-2.2,-1,5.6,-23.7,-4.8,-3.4,0.3,0.4,30.2,-1.9,12.2,6,5.2,1.9,1.4,-2.4,-4.4,-1.5,0.6,3.2,-1.1,1.4,8.3,20.5,20,7.4,3.1,-22.1,-1.6,-0.3,-3,-8.4,-2.2,6.5,10.5,15.3,-9.7,-14.6,1.3,-1.3,9.8,-5.5,-5.2,1.9,2.7,-7.5,1.4,-4.4,4.1,3.7,-15.3,15.4,15,9.7,3.7,-0.7,6.3,-4.8,-5.1,-6.4,-0.7,-4.5,-0.9,-0.3,0.1,-2.6,0.3,-7.4,2,1.2,1.7,-2,-2.5,7.5,-2.2,-4.8,-6.6,-12.4,-10.9,2.1,-1.3,-0.1,-0.3,3.7,2.1,4.5,1.2,1.6,-3.1,0.7,-0.8,-4.5,0.3,-2.8,-0.2,0.1,3.6,1.1,-1.4,-2,0.1,-1.1,-3.2,0.1,0.7,4.2,9.4,-3.5,-5.5,-2.7,0.7,-2.6,-1.9,-2.4,0.1,1.4,-4.8,3.7,3.8,1.6,0.6,-0.6,-5,-1.8,-0.8,0,3.1,4.2,0,-0.2,0,2,-1.8,-7.7,-5.5,5.1,4.3,-0.7,2,-0.4,2.3,-1,0,0.7,0.7,-1.8,-4.6,-2.5,-10.2,-2.4,2,1.6,1.6,3,2.9,-1.8,-2.6,-0.8,2.1,-0.3,5.8,5.7,2,0.6,7.4,2.8,-3.5,-15.5,-4.5,-0.2,-0.5,-3.4,2,7.5,38.9,-22.2,-9.5,-10.5,-20.6,-9.7,-2.5,13.8,15.4,-35.4,-14.3,-11.5,-7.5,2.8,7.1,-10.3,2.5,10.4,-2.8,-1.8,4,14.4,13.3,-6.4,2.7,-0.3,9.1,4.2,9.9,-2,-0.8,-2.9,1.4,-1.6,-1.9,-2.4,0.2,-7.5,-2.5,2.5,-0.1,0.1,-3,2.5,8.1,0.4,2.1,3.9,1.4,-3.9,6.2,-0.9,-4.1,-2.4,-1.1,-0.6,-1.3,3.5,3.5,1.4,10.5,2.7,-16,-1.7,-4.4,-0.7,-6.6,1.7,-11.6,-1.6,1.3,6.8,18.6,25.5,6.3,0.7,3.3,1,0.7,7.9,-4,-1.9,-1.6,-0.1,1.8,1.4,-0.4,1.7,1.3,4.6,2,-7.3,-5.7,-4.7,-3.6,-3.7,-0.3,-0.1,-1.6,-0.5,-3.4,-8.8,3.5,-0.6,-2.9,-2.3]","[7.5,0.1,1.7,-2.7,-5.8,-7.1,27.3,8.1,-1.4,-7.2,2.9,1.8,-4.9,1.3,1.8,0.6,24.3,16.1,7.5,1.2,3.1,0.2,3.9,3.9,0.1,0.3,-3.4,1,1.6,-2.5,9,5.5,-34.2,-5.1,2.9,1.1,0.6,-8.9,6.7,-0.9,9.6,6.5,9,4,1.4,9.5,9.8,13.4,1.9,-7.3,-3.2,-5.8,2,-2.6,-0.4,-0.3,2,-0.6,18.3,7.7,3.8,-11.4,-10.1,-2.9,9.8,6.4,1.3,0.2,-2.2,1.9,-0.6,-1.3,-2.8,0.9,-2.4,-3.4,-1.3,0,-0.7,-2.7,-17.1,0,1.4,-2.3,0.1,2.9,1.3,-1.3,1.3,-2.1,-0.8,4.5,3.4,6.4,0.3,-1.6,2.2,-1.9,1.4,-3.9,-1.4,2.4,-1.5,-0.2,1.2,-0.4,-0.6,-1.9,-1.4,-0.8,0,-1,-1,-10.6,-0.9,-7.1,-1.8,-2.4,0,-0.9,-0.6,-0.8,-0.1,3.6,-1.1,-2.6,-1.7,3.5,1.3,-2.4,-1.9,-0.7,-4.8,-1.5,1.3,2.5,0.5,1.5,0.3,-0.2,-0.1,-1.4,-1.3,3.4,-0.1,0.1,-0.7,0.7,0.9,0.4,0.9,0.6,-1.4,0.5,-1.4,-0.4,-4.8,-2,1.7,2.5,-0.3,2.6,-1.1,1.3,-0.6,1.2,2.9,-0.6,0.1,6.5,-0.5,3.5,8,2.1,2.1,-8,1.9,-0.8,3.4,-4.2,-0.1,2.7,-35.6,14.2,6.3,-5.1,18.5,14.8,10.6,8.1,5.9,32.6,13.8,-1.7,-5.7,3.2,0.2,-3.6,0,2.3,0.9,-6.3,-4.5,-3.7,5.4,-4.7,-1.7,-1.9,2.7,3.4,4.8,-2.1,-2.2,-0.2,2,-2.3,-4,-3.2,1.7,-0.3,3.4,-0.9,2.3,0.2,-0.1,0.5,3.1,0.3,0.4,-0.4,-2,-0.3,1.8,0.3,-3,-1.4,-3.7,-1.3,-2.7,1.4,1.4,0.8,1.9,-45.6,6,-7.1,6.1,0.1,0,-6.4,15.7,4.4,-0.4,0.8,0.7,7.9,-0.2,2.3,2.9,1.3,2,1.7,1.5,3.7,-2.7,3.2,-1.6,0.3,1.3,0.5,1.1,0.6,0.3,-4.1,-0.6,-5,-0.8,-0.9,-1.2,-2.3,-2.5,0.8,0.1,-0.6,0.3,-2.4,-2.5,-3.4]"
"Sans nom","Freinage","21/01/2026 12:04:21","21/01/2026 12:04:31",10.01,"[0.5,-0.2,-0.3,-0.3,-0.3,-0.5,0.4,0.1,0.1,-0.6,-0.1,0.1,0.2,0,-0.1,0,0.3,0.1,-0.2]","[-0.1,-0.6,-0.2,-0.1,-1,-0.3,0.2,-0.2,-0.9,-0.7,-1.7,-3.8,-3.6,-3.8,-3.8,2.8,1.3,0.8,0.5]","[-2.2,-0.4,0.9,-0.6,-1.3,1.7,-0.4,0,-1.1,1,0.9,2.8,2.4,2.5,2.2,-3.8,-1,-0.9,0.1]","[-0.6,-7.9,-4.9,0,12.7,12.7,-24.9,19.1,6.6,-5.2,9.7,1.4,0.7,-13.8,-5.8,-6.1,-9.3,-2.7,-4.2]","[-9,-2.4,0.3,-1.1,4.1,-1.4,-5,4.1,-7.2,3.1,1.8,-2.9,19.6,-2.4,-1.2,20,-1.8,-5.9,-1.8]","[-3,-0.6,-1.3,2,-0.2,0.8,-1.4,4.3,-1.3,3.9,0.9,-8.6,-4.3,-3.5,-1.5,18.2,-5.5,-3.8,-3.3]"
"Sans nom","Conduite non agressive","21/01/2026 12:04:31","21/01/2026 12:04:42",10.97,"[0.2,0.1,-0.3,-0.2,-1.6,-0.9,-0.1,0.7,0.5,-0.2,-0.1,0.1,0,0.3,0.4,0.3,0.8,-1.2,-0.4,0.2,0.2,0.2,-0.4,-0.4,-0.3,0.6,0.2,0.2,-0.9,0.2,-0.1,-0.2,-0.2,0.3,-0.8,-0.8,0.6,-0.2,0,0.1,0.2,0.5]","[0.3,0.3,0,-0.2,-0.3,0,0.5,0.8,0.8,0.5,0.8,0.2,0.5,0.2,0.3,0.4,1.4,0.5,-0.3,0.4,0.1,-0.4,-0.8,-0.7,-0.1,0.2,0.3,-0.1,-0.1,0,0.1,-0.1,1.5,0.2,-0.2,-0.2,-0.3,1.4,-0.1,0.3,-0.4,-0.2]","[-0.2,-0.6,-0.2,0.1,-0.4,-0.6,-0.2,-0.4,-0.3,-0.5,-1.1,0.7,0.3,0.5,0.9,-0.3,-1,-1.5,1,-0.4,0.9,-0.1,1,0.7,0.2,-0.2,-0.7,0.5,0,-0.1,0.5,0.2,0,-1.4,0.2,0.9,-1,-0.1,-1.2,-0.1,0,0.3]","[-0.4,-6.4,1.8,-13.5,-10.7,-7.7,1.3,3.1,0.6,4.5,-4.3,3.2,5.3,5.9,6.2,-5.7,-3.7,-17.8,-4.7,9.4,2.9,2.8,7.2,-2.1,-4.7,1.9,1.9,7.5,-23.3,-7.9,-2.4,32.6,-13.6,-8.5,6.6,-11.8,-3.6,-4.4,18.2,-2.1,2.2,4.6]","[1,-1.2,-4.2,16.7,12.7,4.7,0.8,1.7,2.9,0.2,-1.3,3.2,-15.2,-9,4.2,5.5,4.4,-3.8,-18.1,5.5,0.2,1.5,-0.6,-3.1,-0.9,5.3,13.1,-0.9,-8.6,-3.6,-6.2,-6.6,-7.4,12.6,-1.4,8.7,-4,-0.9,-1.4,-2.4,-1.1,3]","[-1,-3.1,-0.3,3.2,-2,-6.6,-6.9,-8.8,-6.8,-3.4,-4.7,-5.7,16.3,6.1,1.1,7.7,-10.6,-11.9,-12.2,-2,5.7,-2.2,6.4,4.6,6.9,0.7,2.8,-7,-6.6,0.9,3.1,9.2,6.2,-10.9,4.2,7.5,10.4,4.3,2.1,0.5,-1,1]"
"Sans nom","Virage serre a droite","21/01/2026 12:04:42","21/01/2026 12:04:52",10.01,"[0.3,0.1,-0.2,0,-0.6,-0.3,0.4,0.4,0.7,3.7,7.1,7.8,4.9,6.2,5.1,2.2,2.7,3.6,1.6]","[0.1,-0.5,1.9,1.2,1.9,-0.4,0.7,1.1,0.9,0.2,-0.2,-2.4,-0.9,0.8,1.7,3.3,0.4,0.7,0]","[0.2,-0.3,0,-1.3,-1.3,1.4,-0.7,-1.3,-1.6,1.7,-0.6,2.9,1.8,1.2,-0.1,-1.7,0.1,0.1,-1.7]","[-10.1,7,-4.5,6.6,-2.1,21,1.2,-20.2,-18.6,-8.9,-31.3,-6.4,-3.5,-51.7,-39.5,-59.6,-7.6,-11.9,-4]","[-4.1,3.6,-2.3,-0.1,-5.5,-10.3,7.5,0.1,-9.2,2.7,41.4,-44.6,-22.9,-23.3,-1.4,-32.1,-24.4,-5.6,4.7]","[-1.5,-1.3,-3.2,1.2,0.3,6,5,-3,0.6,5.4,-22.4,-50.6,-16,-29.1,-11,0.1,-13.3,-19.1,-13.3]"
"Sans nom","Acceleration","21/01/2026 12:04:46","21/01/2026 12:04:56",10.02,"[3.6,1.6,2.1,1.2,0.3,-1.9,-1.4,1.7,0.2,-0.7,-2.1,-2.1,-1,-2.4,-1.2,-1.4,-0.6,-1.7,-0.6,-0.7]","[0.7,0,0.1,-0.2,0.1,0.7,-0.1,0.6,-0.2,-0.1,-0.4,-0.2,-1.3,-0.9,0.1,-0.4,-1,-0.8,0.2,-1.3]","[0.1,-1.7,-0.6,0.1,0.8,0.1,1.2,1.8,-0.4,0,1.5,0.2,1.9,1,-0.9,-0.2,0.5,-0.9,0.6,-0.8]","[-11.9,-4,5.9,1.6,2.6,-20.1,8.1,-23.4,1,6,14.5,18.7,-11.9,23.8,-15.7,-3,19.7,3.2,2,-30.3]","[-5.6,4.7,-9.3,-8.9,-9.4,21.8,-6.5,-48.5,-10,1.1,11.1,-11.8,-7.1,2.3,9,8.1,-7.4,3,9.7,3.9]","[-19.1,-13.3,-10.1,-14.5,-5.6,-10.3,-66.7,36.2,-1,10.5,1.8,11,-2.5,34.7,-7.9,1,-15,-1.6,-0.1,-0.1]"
"Sans nom","Conduite non agressive","21/01/2026 12:04:56","21/01/2026 12:05:08",12.21,"[2.1,1.9,1.8,0.9,2,2,2.6,3.1,1.6,0.5,2.5,-1.1,-0.8,0,0.9,1.3,0.8,0.1,-0.2,-0.1,0.2,0.2,-0.8,-1,-0.5,0,0.2,0,-1.2,-0.8,-0.6,-0.1,0.2,0.1,-0.1,-0.2,-0.5,0.1,-0.1,0.5,0.5,0.2,0.1,0,0.1,-2.1,-0.7]","[0,0.7,0.5,0.8,0.9,-0.1,0.1,0.5,0.5,-2.5,0.7,-1,-1.1,-1.4,-0.6,-0.3,-0.6,-0.4,-0.5,-0.8,-0.5,-0.2,-0.3,-0.1,-0.7,-0.3,-0.4,-0.6,-0.6,-0.4,-0.6,-0.6,-0.1,-0.2,0.1,-0.2,-0.2,-0.4,0,-0.1,-0.4,0,-0.4,-0.1,-0.3,-0.3,-0.4]","[2.2,3.7,3.3,2.5,0,0,1.2,1.4,1.7,3.3,0.6,0.3,0.1,1.4,1.4,-0.1,-0.1,0.6,-0.1,0.4,0.4,0.5,0.6,1.4,1.7,1.1,-1.1,0.6,1.6,0.5,0,0.6,0.5,0.2,0.2,-0.7,-0.1,-1,1,-0.2,0.8,-0.4,0.2,-0.8,-0.1,-0.1,0.9]","[23.1,12.9,26.4,21.1,-7.2,15.1,-12.4,17.5,20.9,-47.1,57.4,-24.6,-52.5,55,2.4,1.2,5.6,-4.5,-4.2,8.7,4.3,8.9,-5,11.8,10.4,-8.3,-19.2,-6.7,30.5,-1.4,2.8,-5.8,4.6,2.4,-18.8,-1,-0.4,1.2,13.1,11.3,11.6,0.6,13.8,-12.3,8.2,-64.4,33.1]","[10.3,2,12.5,-7,-0.9,-21.5,2.5,-7.1,-7.3,14.9,-37.3,3,-11.2,-27.4,-3.7,-9.1,-9.3,1.4,4.6,-2.6,-5,0.1,1.7,-33.5,-29,0,36.6,2.8,0.9,8.8,-1.4,-0.9,-7.8,-5,2.3,-2.8,-2,-5.3,-4.4,-8.3,3.2,-2.8,-1.9,1.7,-10.6,-75,33.3]","[-10.8,-2.1,-28.6,14,-24.2,-0.7,-0.7,-4.1,5.3,-44.5,53.1,-12.4,26,19.9,-1.2,-5.2,-10.7,-1.8,-6,-6,-2.7,-5.2,1.4,-7.3,-3.7,-1.2,-6.6,0.6,12.9,-1.2,-3.5,1.8,-4.8,-4.3,-1.3,-6.9,-1.4,-5.4,-2.7,-6.2,-2.3,-2.6,-0.4,-4.7,-0.8,9.1,38.2]"
"Sans nom","Changement de voie a gauche","21/01/2026 12:05:08","21/01/2026 12:05:18",10.01,"[-2,0.3,0.1,-0.1,0,0.4,-0.5,-0.9,-0.2,0.1,0.6,-0.4,-1,-0.8,-0.7,-1,-3.8,-4.8,-2.3]","[-0.4,-1.3,-0.2,-0.4,-0.2,0,-0.5,-0.4,-0.4,-2.2,-0.5,-0.2,-0.2,-0.1,0,-0.1,-0.1,-1,-0.5]","[2,-0.5,-0.7,-0.1,-0.2,0.6,0.3,0.7,2,-1.8,2.3,-0.6,0.2,0.4,0.5,-0.5,0.4,-0.4,0.4]","[0.8,-2,-5.7,-3.9,-0.5,4,-6.4,8,0.7,-50.5,41.6,-1.9,1.2,-9.8,20.3,10.2,-1.3,-10.3,6.5]","[-0.7,15.4,-3.7,-3.5,27.4,6.4,3.9,-5.1,-82.9,-23.7,15.8,10.3,-5,-11.9,9.9,3.1,15.3,4.8,-2.5]","[54.4,-36.2,4.4,2.5,-14.4,-8.3,-5.4,-10.5,-4,-4.2,-16.3,-6.5,0.8,5.8,4.6,0.1,-11,-9.4,17.9]"
"Sans nom","Conduite non agressive","21/01/2026 12:05:18","21/01/2026 12:06:19",60.87,"[-0.3,-0.5,0.4,-0.3,-0.2,0,0.1,-0.4,0,-0.1,-0.3,0.1,-0.5,0.4,-0.1,0.2,-0.7,0.4,0.6,0.4,0.6,-0.4,0.1,0.9,0,-0.3,0.3,-0.1,0.1,-0.5,0.5,0.3,0.1,-0.8,0.9,-0.4,0,0.3,0.6,-0.2,0.4,-0.3,-0.9,0.1,0.6,-0.3,0.1,-0.1,-0.8,0.1,-0.4,0.1,-0.2,0.7,-0.8,-0.3,0.4,0.2,0,-0.2,-0.9,-0.4,-2.5,-1.1,-1.8,1.3,-0.4,-0.3,-0.5,-0.9,-0.4,-0.5,-0.6,0.1,-0.3,0.2,0.5,-0.4,-0.1,-0.4,-0.1,-0.4,0,-0.2,0.1,0.2,0.3,0.6,-0.6,0.1,-0.2,-0.2,-0.2,0,0.1,0.2,0.4,-0.3,0.6,0.2,0.1,1.2,0.2,1,-0.2,0.2,0.3,-0.3,0.8,-0.1,-0.7,0.6,0.6,0.3,-0.1,0.6,-0.2,0.1,0,0.3,0.4,0,0.3,0.1,0.4,0.7,0.3,0.3,-0.3,0,0.5,0,-0.1,0.1,-0.2,0.3,-0.3,-0.7,0.4,0.1,-0.1,-0.4,0.4,-0.5,-0.6,0.6,-0.3,0.9,0.3,0.5,-1.1,-0.6,0.2,-1.4,0.6,-0.1,-1.6,-0.2,-0.3,0.5,-0.2,0,0.4,-0.5,-0.1,0.1,0.2,-0.2,-0.6,-0.4,-0.3,-0.4,-1,-0.5,-0.5,-0.5,-0.2,-0.4,-0.4,-0.3,-0.5,0,0,0.1,0.7,-0.8,-0.3,0.2,0.2,-0.1,0.2,-0.5,-0.2,-0.9,0.1,0.2,-0.2,-0.5,0.8,-0.1,-0.2,-0.5,0.2,-0.3,-0.5,0.9,0.5,0.9,-0.1,-0.1,0,-0.5,-0.1,0.7,0.8,1.5,2.5,-0.7,-2.2,0.5,0.4,0.3,0.5,0.4,0.2,1.2,1.2,0.7,1.2,0.6,0.4]","[0.2,-0.1,-0.4,-0.2,0.1,0.2,0.2,-0.3,-0.2,0.6,-0.1,-0.6,-0.7,-0.7,-0.2,-0.4,-0.6,-0.1,-0.4,-0.3,0.6,-0.3,-0.5,0.3,-1,1.2,0,0.4,0.2,0.1,0.1,0.2,0.3,-0.1,-0.3,0.2,0,-0.3,0.3,-0.1,-0.2,-0.3,0,2.5,-0.4,0.1,0,-0.1,0.2,0.2,-0.2,-0.2,0,0,0.5,-0.3,-0.7,0,-0.5,-0.2,0.5,0.6,1.3,0.5,1.1,-0.2,0.6,0.2,0.3,0.2,-0.1,0.4,0.4,0.3,0.3,0.1,-0.1,-0.1,-0.3,-0.1,0.1,0.4,0.5,-0.3,0.3,0,0.3,-0.4,-0.1,-0.4,-0.4,0.1,-0.3,0.3,-0.2,0.1,-0.2,-0.1,-0.3,-0.5,-0.1,-0.1,0.1,0.2,0.2,0.1,-0.5,0.7,-0.7,0,-0.7,-0.4,-0.1,-0.3,0.3,0,0,-0.2,0.1,-0.4,-0.1,-0.4,0,0.2,0,-0.1,0.5,-0.2,0.3,0.2,-0.1,0.4,0.5,0.4,0.1,-0.1,0.3,0.1,-0.1,-0.2,0.1,0.2,0,0,0.2,-0.3,-0.4,-0.9,-0.2,-0.2,-0.1,0.4,-0.1,0.5,0,0.2,0.5,-0.2,0.1,-0.5,-0.2,-0.1,0.1,0.4,0.1,-0.3,0,0.2,0.5,0,-0.2,0.1,0.2,-0.2,0.3,0,0.3,-0.5,-0.1,0,0.3,-0.4,0.3,-1.1,0.1,-0.2,-0.1,-0.3,0,0.5,0,-0.1,0.1,0,0,-0.2,0.4,-0.4,-0.9,-0.5,0.2,-0.1,-0.1,0,0.2,-0.7,-0.2,0,-0.2,0.2,-0.5,0.2,-0.2,-0.6,0,-1.3,-1.8,-1.6,1.5,-0.3,0.4,-0.6,-1.1,-0.1,-0.1,-0.6,-0.5,-0.2,0,0.3,-0.7]","[0,-0.5,0.2,0,-0.5,-1.1,-0.7,0.7,1.2,-0.5,-0.8,0.4,0.4,0.2,1,1,2.7,0.7,0.6,-0.2,-0.8,0.4,-0.5,-2.8,-1.9,-1.6,0.4,0,-1.4,-0.4,-0.1,-0.3,0.5,-0.9,0,-0.7,1.3,0.6,-0.1,-0.3,-2.2,1,2.5,-1.6,-0.1,-0.1,0.3,-0.4,-0.3,0.1,-0.8,1.2,-0.6,1.9,0.8,0.5,0.5,-0.2,-0.7,1.1,0.2,-0.3,0.4,0.3,1.2,0.8,-1,-0.1,-0.8,-1,-0.1,-1.1,-0.7,0.7,-0.8,1.1,-0.1,0.9,-0.3,0.5,0.2,-0.6,0.4,0,0,-0.3,0.2,-1.5,-0.5,-0.4,-0.1,0.3,-0.5,0.2,0.1,0.7,-0.8,0.2,-1.2,-1.8,-1.2,0.3,-0.3,0.8,-1.2,-0.6,-0.7,-0.4,0.5,-0.2,0.5,0.7,1.8,0.2,-1.3,-0.6,-1.3,-0.2,0.7,-0.1,-0.2,0.2,0.1,0.2,0,0.8,-0.8,-0.4,0,0,0.1,1.1,-0.1,-0.4,0.7,0.4,-0.5,-0.6,0.3,0.1,-0.8,-0.9,-1.2,-1.1,-0.5,1.7,-1.6,0.5,-0.2,-0.5,1.5,0.1,-0.7,-1.2,1.9,-1,0.4,0,-0.2,0.2,0.1,-0.6,-1,-0.2,-0.7,-1,0.7,0.3,0.3,-0.8,1.3,1.1,-0.1,-0.7,0.2,-0.5,0.3,0.3,-0.3,0.5,0,0.2,-0.3,-2.4,1.9,-1.5,-0.2,-0.4,0.9,-0.2,0.9,-0.3,0.8,-0.1,1.6,1.1,0.2,0.3,1.7,-0.7,-2.6,-1.4,0.3,0.9,-0.5,1.1,0.5,1.2,-0.6,-0.9,0.5,-1.5,0.2,1.2,-0.1,-1.7,-2.6,1.3,-3.3,1.6,0.3,-1.6,1.8,0.8,-2,1.5,0.2,0.8,1,0.6,-0.9]","[1.4,3.5,-2.8,1.2,-0.2,-3.9,-2.7,7.2,5.3,3.6,1.1,-2.6,3.2,0.1,6.3,2,15.6,-1.6,1,0.6,-5.5,2.3,0.8,-12.4,-1.7,4.9,2.2,0.9,-0.6,-1.9,0.3,-3.7,4,-4.5,-1.1,3.6,1.8,7.8,-0.6,-3.6,-12.2,-3.5,-6.8,-12.5,-0.1,0.3,-0.9,-2.9,-3.2,2.4,1,9,-1,0.5,-3.9,-2.2,0,-0.3,-1.4,0.3,-9.2,-44.5,-0.4,-4.8,-3.4,24.9,-18.9,1.7,-9.4,-7.8,-1.9,0.3,1,4.4,-0.7,5.2,1.3,5.9,-1.9,7.5,0.8,4,2,-0.9,-4,-1.8,5.5,-15.7,-6.8,-0.5,2.3,1,-1.6,2.8,1.2,2.2,-5.4,-1.5,-7.4,-7.9,1.2,2.4,-0.7,2,-4.5,-4.5,-4.7,2.5,-2.4,1.4,2.1,-4.2,9.8,1.7,-1.9,-4.6,-4.6,-1.7,4.2,-2,4.8,0.2,2.2,-1.7,2.3,0.8,-4.8,-2,2.1,1.5,-2.9,6.2,1,0.4,1.2,0.1,-5.3,-2.8,2.3,4.1,10.2,-2.6,-9.3,-6.9,2.8,8.7,0.5,1.3,2,-0.1,6.7,-28.3,5.5,-5.4,4.6,-5,-1.4,2,-2,-0.1,3,-0.4,-6.6,0.4,-5.4,-8.2,1.5,2.4,-0.3,-1.7,3.2,3.8,-2.6,-4.4,0.6,-0.5,-0.9,-0.1,0.4,1.5,1.7,3.8,-3.3,-6.4,7.3,1.2,-3.8,-2.6,6,2,3.8,-1.1,-0.2,5.4,6.6,4.1,1.8,7.2,3.3,-1.6,-8.9,-6.2,1.3,-3.9,-2.7,5.1,4.4,4.5,-4.8,-5.2,-1.2,-8.2,-0.5,5.5,6.2,52.2,-31.2,12.2,-42.3,14.2,-15.2,4.7,-2.9,4.7,-12.7,13.5,4.7,1.5,-3.3,-15.4,24.7]","[14.2,-6.5,2.6,-11.9,5.7,5.3,-8.4,-5.1,-9.7,8.8,-8.8,-13.8,-5.7,-9.5,1.2,-11.1,-20.9,14.5,-5.2,1.1,16.6,2,-15.9,15.4,-24.9,-16.5,-2.9,0.4,-1.5,0.1,-10.2,4.9,13.8,-1.7,-6.4,-6.3,-0.9,4.6,11.6,-8.5,-6.1,-16.1,22.4,31.6,1.7,-13.4,11.1,-5.2,1.4,2.7,-6.1,-12.2,-3.8,7.6,11.2,-8.1,-4.1,8.3,-3,2.5,-10.6,-64.1,33.9,9.3,77.2,-3.9,19.2,17.7,17,-20.2,4.8,-5.6,-17.1,8.9,6.6,9.9,14.4,-4.5,5.1,-2.2,11.3,0,14.3,-15.9,7.9,-2.5,0.5,2.2,-7.2,-1.6,-10.8,-0.8,-16,21.1,-5.8,-0.7,9,-8.2,3.1,-5.9,-25.5,-13.8,-2.2,15.6,-6.9,3.2,1.6,12.5,-6.4,1.8,-25.3,9.2,-9.1,-4.2,5.3,2.8,-7,-4.3,-14.7,-11.3,-3.8,-10.6,-0.8,8.6,1.2,4.8,9.6,-1.8,-3.1,1.4,-9.5,-10.8,3.9,6.7,-8.7,5.8,5.6,7.5,-3,-1.4,28.6,-5.3,2.4,6.9,-10.1,15.4,-1.6,-17.4,9.4,5.8,18,-31,14.6,-10,0.3,6.7,-22.3,-8.6,-1.7,-8.9,-5,-6,12.4,-2.7,-1,1.1,-5.6,-2.6,13.7,-6,-15,4.2,1.4,-2.7,14.6,12.9,10.4,-13.6,-2,-8.8,11.6,-9.2,8.3,-20.6,4,-5.1,-10.1,-0.1,1.1,7.1,5.9,-2,2.6,2.7,2,2.8,11.9,-18,-11.2,-10.4,13.1,3.4,1.3,7.3,10.1,-7.7,-12.3,5.3,-3.2,11.7,-9.1,14.1,-5.7,-19,10.9,61.1,19.1,26.4,-78.5,-1.8,-1.1,4,9.4,-2.1,-2.8,5.4,0.3,-2.7,3.1,-1.2,-3.4]","[1.4,-3.7,-4,0.4,-0.1,-2.4,1.3,-1.1,-1,-1.1,0.7,4.1,1.8,-5.5,0.7,-0.3,-1.1,2.3,-0.1,-8,-0.7,5.6,-8.4,3.3,-3,-12.3,0.5,-1.9,1.2,4,-6,-2.1,-6.4,-11.5,-4.8,4.3,0.3,-4.7,-4.3,-0.5,-5.3,10.5,23.7,9.8,9.5,-2,-0.7,-7.1,7.9,-2.6,6.6,-3.6,-1.3,-4.6,-9,11.6,5,-1.3,6.2,5.7,9.1,24.8,1.6,15.8,11.9,-22.3,16.8,-2,4.1,6.4,-4,3.8,12.4,0,7.5,-3.7,-3.7,-0.2,2.4,1.5,3.2,8.1,5.6,-4.9,7.1,10.6,-2.6,-2.9,8,-2.4,-5.5,4.5,-4.2,9.4,-7.2,1.7,-1.3,1.9,0.3,-1.6,1.4,-11.3,0,-6,-1.1,-1.7,5.6,1.9,-1.8,3.5,-3.6,9.2,-6.8,-1.1,-10.5,8.2,-2.3,2.6,-9,0.7,11.7,0.9,-11.1,-3.1,2.2,1.5,0.9,-1.5,2.8,0,-4.7,3,5.2,-0.2,-0.7,-3.5,10.5,-2,0.9,-5.3,-8.6,8.1,0.8,5.4,-1.8,-3.6,17.3,-3.2,-4.9,-3.7,1.5,20.9,-8.8,-8.4,1,1.2,6,3,-5.1,-2.7,-4.9,-4.2,5.8,-0.6,8.2,-1.1,3.1,5.6,10.6,-0.7,-3.5,2.7,4.2,-0.3,3.2,4.5,5.2,-1.2,1.6,2.6,9.2,-2,4,-0.4,-8,10.3,3.2,7.1,-3.2,4.1,2.1,0,6.9,2.4,2.8,-1.3,7.1,-5,-7.7,-5.2,5,7.4,-1.1,5.5,8.4,-4.2,2.5,-1.1,1.5,3.5,-3.8,12,0.5,0.3,12.9,-8.1,18,-73.7,32.4,1.3,3.6,-1.3,1.9,0.5,-0.2,-0.3,-3.6,0.5,0.2,0.9,-2.6]"
"Sans nom","Freinage","21/01/2026 12:06:19","21/01/2026 12:06:29",10.01,"[0.4,0.4,0.3,0.1,0.3,0.3,0.5,1.1,0.4,1.3,0.7,-0.3,0.6,0.6,0.8,0,0.6,0.1]","[0,0,0.2,0.4,-0.6,-0.3,-0.1,-0.6,-0.3,0.6,-0.2,0,-0.2,-1.8,-1.5,-1.4,-0.7,-0.6]","[1.6,-0.1,-0.9,-0.6,-0.8,-1.7,0.7,0.9,-0.1,0.1,-1.8,-0.3,1.1,2.9,1.8,1.7,0.8,-0.4]","[11.3,-10.9,-4.3,-8.2,12.7,4.5,5.9,27.2,-10.9,-16.9,-13.5,1.1,-10.5,6.2,-3.1,-11.9,-32.5,10]","[1.4,1,-2.5,-5.4,-0.3,-0.9,0.9,4.9,-2.9,-2,-0.5,-3.8,-5.6,3.9,-1.4,-7.6,11.8,-12.6]","[3.3,-1.5,0.9,-0.1,0.3,-4.9,-1,0.8,3.1,-2.8,-1.7,-5.5,2.4,1,-3.1,-0.9,-4.3,-2.5]"
"Sans nom","Conduite non agressive","21/01/2026 12:06:29","21/01/2026 12:06:42",13.14,"[1.1,0.4,0.8,-0.1,0.8,0.6,1.3,1.1,1.1,1.1,0.7,0.5,0.4,0.6,-0.3,-0.4,-0.9,-0.4,-0.7,-1,-1.5,-0.2,-1.6,-0.9,-1.9,-1.7,-1.5,-2,-1.7,-1.3,-1.5,-0.7,-1.3,-1.2,-1.5,-2.4,-1.6,-1.7,-1.4,-1.3,-1.1,-0.4,1.2,-0.6,-0.4,-0.8,0.7,0.7,-0.8,-0.6,0.2]","[0.2,0.1,0.1,-0.2,-0.5,-0.2,-0.7,-0.1,-0.4,-0.3,-0.3,-0.1,-0.4,-0.3,-0.3,-0.3,-0.6,-0.4,-0.5,-0.3,-0.2,0.2,-2.4,-0.6,-0.6,-0.9,-0.5,-0.4,-0.2,-0.3,-0.5,-0.2,-0.3,-0.2,0.2,-0.5,-0.1,-0.5,-0.9,-0.7,-0.4,-0.8,-2.1,-0.8,-0.1,-0.7,-0.9,-0.6,-0.6,-0.4,-0.2]","[0.5,0.2,0,0.8,0.3,0.6,0.5,0.6,0.8,0.7,0,0.6,0.7,-0.9,0.9,0.6,0.8,0.5,0.3,1.4,0.2,1.5,-1.8,1.2,1.3,1.1,0.5,1,0.1,0.4,-0.2,0,0.5,1.3,-0.6,1.2,1.6,0.8,0.8,0.7,0.7,1.3,0.3,3.3,0.7,-0.4,1,-0.2,-1,-0.4,0.8]","[1.7,-1.5,-8,-28.6,3.6,30.1,7.5,9.2,-2.8,6.1,-2.9,-1.2,0.6,-6.1,4,-5.9,1.9,-1.1,3.8,-4.1,-11.5,82.6,-5.8,12.4,34.1,-45.4,16.4,-3.7,-9.9,-1.3,-6,-3.4,7.1,11.7,-29.7,-8.9,-0.7,1.7,11.5,13.7,-8.1,4.1,39.1,3.1,9.4,-13.7,14.8,-5.4,-0.2,-25.4,-4.2]","[-5.6,-11.7,-7.9,7.6,-13.7,-19.8,-19.6,-9.8,-11,-10,-9.8,-8.5,-9.8,-5.5,-18.7,-11.6,-14.7,-1.7,-8.9,-2.7,-8.5,-22.5,27.2,19.3,-6.2,-1.1,-2.8,0.9,2.4,-1.7,-1.9,-7.1,3.3,-14.5,5.3,-2.5,-2.2,7.4,2.6,1.6,7.5,10.5,47,-4.3,0.7,1.3,14,15.7,14.8,3.8,-2.4]","[-7.9,-5.7,-9.7,-20.8,-13.2,-10.7,-18.9,-8.3,-8,-7.8,-10.1,-10.8,-13.9,-9.5,-10.2,-10,-9.3,-9.3,-6.5,-4.7,5.2,-36.4,-35.7,-12.8,45.1,-24,21.3,1.4,-2.2,6.5,-3.4,3.4,-1.5,12.1,-1.8,14.1,19.4,7,11.4,11.7,4.9,7,-9.6,3.4,16.4,9.2,6,-4,6.5,-1.3,8.7]"
"Sans nom","Freinage","21/01/2026 12:06:42","21/01/2026 12:06:52",10.01,"[0.1,-0.4,-0.1,1.7,-0.4,0.7,-0.3,-0.8,-1.7,-0.3,-0.5,1.7,0.3,1.4,1.5,1.7,3.1,1.2,0.9]","[-0.2,-0.3,0.3,-0.5,-1,-0.5,-1.2,-1.3,-1.6,-0.7,-1.5,-0.4,-0.3,-0.9,-1.1,-2.4,-3.3,-3.8,-3.8]","[-0.3,0.7,1,-0.9,-0.1,0.2,1.3,0.7,0.9,0.6,1.9,-0.1,1.2,0.6,1.8,4.2,1.7,3.5,4.9]","[-1.6,-11.7,6.1,2.9,-24.3,-6,7.6,-4.3,-8.9,-11.7,33.2,20.1,-6.1,-2.9,4.4,5.7,-1.1,-7.1,-8.7]","[-0.2,-0.7,-7.9,5,12.5,12,6.1,7.5,26.2,-7.6,-1.5,22.6,13.6,5.4,9.6,-6.5,-7.7,10.6,8.7]","[8.6,7.5,18.8,4.8,-21.4,0.4,0.9,8.6,12.6,9.2,18.4,10.1,8.4,0,4,4,-2.2,-6.6,1.7]"
"Sans nom","Conduite non agressive","21/01/2026 12:06:52","21/01/2026 12:07:22",29.84,"[0,-0.1,0.3,-0.5,-0.2,-0.2,0.7,0,0,-1.3,-0.8,0.1,-0.6,0.1,0.1,-0.5,0.2,-0.2,-0.2,-0.3,-0.2,0.1,0.4,-0.1,-0.1,0.1,-0.2,-0.2,0.1,0.7,0.5,-0.6,0.5,0.6,0.1,0.6,-0.8,-0.5,0.2,1.7,1.1,0.9,0.3,1.2,0.2,-1,-0.5,0.4,-1.3,-1.1,1.3,-0.5,-0.3,0.4,1,-0.9,0.2,0.3,1.3,0.3,0.6,0.2,-0.3,-0.9,0.8,-0.2,-0.9,-1.1,-1.3,-2.4,-0.6,-0.4,0,0.1,-0.1,0.2,-0.1,0,0.1,0.1,0,0.1,0.3,0.2,0,0.3,0.3,-0.2,-0.2,-0.2,0,0,-0.2,0.3,-1.1,0.5,-0.6,-0.3,0,0.3,0.2,0,0.2,0,0.3,0.1,-0.2,0.2,-0.4,-0.3,0.5,-0.2,0,0.1]","[0.5,0.1,0.2,-0.4,0,0.2,0.5,-0.2,-0.1,-0.1,-0.2,0,0,0.1,0.1,-0.2,0,-0.1,0,-0.1,-0.1,-0.1,0.2,0,-0.1,0.1,0,0,0,0.1,0.4,1,0.4,0.4,0.1,0.7,-0.4,-0.3,-0.3,-0.2,0.6,0.3,-0.6,-0.8,1.3,0.1,-0.3,0.4,-1.5,-0.8,0.5,-1.3,-0.2,0.9,-0.2,-0.7,-0.1,-0.1,1,0.3,0.4,-0.1,0,-0.4,0.1,0,-0.4,-0.4,-0.6,-1.2,-0.3,0.4,0,0,0.1,0.1,0,0,0.1,0,0,0.1,0,0,-0.1,0,0,0,0,0,0,0,-0.1,0.2,-0.2,0.2,-0.2,0,0,0.1,0,0,0.1,0,0.1,0,-0.1,0.2,-0.1,-0.2,0.2,0,-0.1,-0.1]","[-0.5,0.2,0.3,0.7,-0.4,-0.9,-0.4,0.7,0.4,0.3,-0.1,0.4,0.3,-0.3,0.1,0.2,0,0.1,0.2,0.3,0.1,0.2,0,0.2,-0.8,0.2,-0.2,-0.2,0,-0.1,-0.3,-0.7,-0.2,1.1,-3,2,-0.9,-1.2,-0.2,-1.7,1.4,1.1,-0.2,1.5,-1.2,-1.7,1.3,0,-0.4,2,0.1,1.4,0.5,-0.3,-0.2,0,-0.6,0.3,0.7,0.9,-0.1,-0.8,0.1,0.3,0.7,0.5,0.1,-0.2,-0.3,-1.1,0.7,0.4,-0.1,-0.2,-0.1,0.2,-0.1,-0.1,0.1,0.2,-0.1,-0.1,0.1,0.1,0.2,-0.1,0.1,-0.1,-0.2,-0.1,0.1,-0.1,0,0,1.1,1.6,-0.3,0,0.1,0,0,0.1,-0.1,0,-0.1,-0.3,-0.1,-0.1,0,-0.2,0,0.1,0.2,0.1]","[2.7,10.6,-3.1,-3,-6.1,-13.9,-2.8,-10.2,2.3,4.4,-4,29.6,-0.5,-0.7,3.7,-6.4,-5.5,-3.7,1.8,-5.4,-1.6,-0.6,-14,-12.1,-11.2,3.9,-1.8,-4.7,1,-6.6,6.5,2.8,-2.9,56.2,-7.1,17.7,-4.8,11.1,-6.2,5.9,18.8,-8.9,-22.9,-12.3,-20.8,-12.4,-40.1,6.7,-38.8,-1.7,24.4,0.5,47.1,41.2,5.6,21.1,45.7,-23.4,-20.1,5,6.7,11.5,-13.4,-0.6,-10.8,3.1,-11.9,-10.7,-4.4,1.9,5.5,-3.3,-0.3,0,-1.2,3,-0.3,0,3.1,0,-0.1,-2,-0.5,0.9,2.5,0.8,1.5,0.4,-1.7,-0.6,-0.5,1.2,-0.3,-1.1,31,-21.5,1.8,4.1,-4.5,0.8,2.7,0.6,0.9,0.3,0.3,4.1,1.1,2.9,0.1,-4.1,-0.8,0.5,1.9,1.2]","[-2,-2.2,12.4,3.5,-13.2,0,-29.3,-2,-16.4,6.2,-3.3,-21.9,5,2.3,-3.6,6.8,4.8,1,-0.4,-2.5,-0.4,3.2,3.1,0,7,-7.3,-3.1,5.8,2.6,2.3,8.3,14.3,-0.3,-50.6,8.1,-48.4,18.5,-19.5,10.2,-6.3,-20.1,18,33,-45.6,24.6,-30.7,46.4,-5.4,112.8,85.9,-33.7,4.6,-9.3,-93,-41.8,-21.1,-35.4,32.5,15.5,24.4,2,-25.5,25.4,0.8,-0.7,20.6,17.4,21.9,7.3,-17.2,-2.8,5.5,2.4,-3.1,-1.9,-3.9,0.1,1,1.7,1.3,-0.1,-0.5,0.7,-0.6,-0.7,-0.5,0.6,-0.2,-1.4,-1.5,0.4,0.9,0.3,-0.4,-48.6,66.9,-18.1,-16,3.9,-1.9,-0.4,1,0,0.2,-0.7,-3,-2.6,-3.9,-1,5.7,4.4,0.4,0.6,0.1]","[2.2,19.8,-3.6,4.5,4.6,1,8.6,6.9,-5.7,3.8,-18.8,20.5,0.3,0.5,7.3,-1.7,-5.7,0.5,4.5,4.1,2,0,1.5,4.8,-1.9,5.6,2.5,-4.1,-1.8,-15.4,-1.8,-11.8,-3.3,44.7,36.1,-7.1,-5.1,-8.2,9.2,26.7,-49.7,0.5,15.3,14.8,-53.4,-59.6,56.5,-11.1,96,55,-22,-5.6,-22,-31.8,7.9,-58.8,-4.1,-1.8,-9.9,-3.8,16.5,28.4,-13.8,-3,-9.5,-6.9,7.1,-13.5,2.8,28.5,-11.1,2.4,-2.2,-3,0.8,0.1,0.6,-2.9,-1.9,0.5,2.2,0.8,-2.4,2.3,3.3,0.8,0,3.4,2.4,0.2,-0.1,1.6,-1.6,0.5,-1.9,-20.2,-0.5,-1.5,1.7,1.6,5,0.3,-0.3,2.3,2.2,4.7,7,4.4,4.9,-2.1,-2.2,-0.8,-0.2,0.2]"
"Sans nom","Virage serre a droite","21/01/2026 12:07:22","21/01/2026 12:07:32",10.02,"[0.1,0.1,0,-0.2,0.2,-0.4,0.2,0.1,-0.8,0,-0.7,-0.2,0.4,0.7,0.7,1.9,1,2.8]","[0,-0.1,-0.1,-0.2,0,0.1,0.2,0.3,0.2,1.4,1,1.6,2.3,2.4,2.2,0.8,0.4,-0.3]","[0.1,0,0.2,0.2,0,0,-0.3,-0.3,-0.9,0.3,-1.2,-1.9,-1.7,-1.6,-1.2,-1,-3.3,-0.9]","[2.1,-0.3,-1,-4.4,-7.6,-2.1,1.5,3.6,12.5,-7.8,4.7,-1.3,3.9,3.2,6.6,-0.6,0.3,10.2]","[-0.7,0.8,4.9,5.5,5.1,4.5,-7.1,-10.7,-17.8,3.7,2.2,9.2,-4,-1.8,-5.9,-1.8,1.3,-2.8]","[-0.6,0.1,-0.3,-3.9,-4.5,-9.3,0.7,-1.5,8.5,24.1,5.5,0.3,-1.3,-5.9,-12.3,-26.2,-14.2,-16]"
"Sans nom","Freinage","21/01/2026 12:07:32","21/01/2026 12:07:40",7.92,"[-0.2,-0.4,0,-0.1,-0.1,0.1,-0.1,-0.2,0.1,-0.1,0.4,-0.6]","[-0.8,-0.8,-0.7,-0.7,-0.2,-1.2,-0.1,0.3,-2,-2.1,-3.6,-4.5]","[0.6,0.8,-0.3,0.5,1.2,0.6,0.1,2,2.3,5.8,3.4,7.4]","[4.5,-2.4,-2.5,-0.3,10.7,20,-11.5,-0.9,-8.3,27.4,5.7,62.8]","[8.2,17.7,5.9,5.7,10.1,-3.6,7,1,4.6,6,18.5,9.5]","[4.3,-0.6,-2.9,0.2,3.1,-0.7,-3.2,9.3,1.1,9.9,-1.1,14.5]"
"Sans nom","Conduite non agressive","21/01/2026 12:07:40","21/01/2026 12:07:56",15.56,"[1.1,0.5,1.2,-1.8,-2.7,0.2,-0.8,-0.1,-0.6,0.2,0.5,0,-0.6,1.9,1.8,-0.4,1.1,-0.1,0.1,-0.2,0,0.7,0,1,0.2,0.1,0.2,4.2,-2.7,0,-0.6,0.1,-0.4,-0.3,0,0,0,0.2,0.1,0,0,0.1,0.3,-0.1,0.3,-0.1,-0.1,-0.1,0.8,1.2,2.6,-0.2,0.6,-0.4,-0.5,0,0.5,0,0]","[5.1,0.6,-0.3,1.5,1.1,0.6,0.8,0.1,0.8,0,0.1,0.3,0.4,-0.7,-0.7,0.3,-0.2,0.2,-0.1,0.1,0.3,-0.3,-0.1,-0.4,-0.1,0.3,-0.2,-1.4,-0.2,0.6,0.5,-0.1,0.3,0.1,0,0,-0.1,-0.1,-0.1,0.1,0,0.1,-0.2,0,-0.3,0,0.1,0.1,-0.9,-0.7,-0.9,0.3,-0.1,0,-0.4,-0.1,0.1,0,0.1]","[1,3.4,0.2,-0.7,4.7,1.1,-0.4,-0.6,-0.3,1.5,-0.6,-0.6,0.5,0.6,-0.3,-0.3,-0.6,-0.1,0.2,-0.1,0.8,-0.5,-0.1,0.2,0.1,-0.1,-0.1,0.7,0.9,-1.6,-0.2,0.3,0.2,-0.2,-0.1,0,-0.2,0,-0.1,-0.1,0,-0.1,0.1,0.1,-0.1,-0.2,-0.1,0.1,0.5,-0.4,0.4,-1.1,-0.9,1.5,-0.2,0.3,-0.8,-0.1,-0.3]","[-45.4,10.4,-5.5,-15,121,-39.1,7.6,5.1,8.9,-19.2,-3.8,-10.4,28,-17.4,-11.9,3.1,-26.3,25.8,26.3,-22.7,4.8,7.4,-2,-6.6,-18.1,-10.7,-16.8,56.6,0.5,3.7,1.5,0.7,-3.4,-1.1,0,-0.5,0.6,1.1,-1,-0.9,0.8,0,-0.4,-1.6,0.5,-0.8,0.2,1.8,6.4,-2.2,-27.4,4.3,14.3,-3.9,1.3,-11.3,-5.9,-10.6,-8.5]","[89.1,66.2,-23,-11.1,127.1,-25.5,-12.6,-19.9,-32.7,59.5,-32.1,-5.7,-14.4,-29.7,-30.8,-1.2,10.4,28.6,-19.7,-26.6,-9.9,3.1,0.3,-18.4,-17.3,-19.8,-8.4,132,-20.2,5.3,12.6,-5.6,-11.4,-4,0.7,-0.5,1.6,0.6,-1.5,1.2,-3.5,-2.1,2.3,-6.6,2.6,-3.1,1.1,0.6,-13.3,-23,57.2,-32.4,-40.9,-74.6,-20.7,5.6,8.4,0.1,5.4]","[83.8,-2.3,11.8,22.7,2.2,70.3,-9,40.1,-23.9,-13.5,6.9,10,-3.6,18,0.1,2.7,27.5,-29.7,-41.7,12.9,7.7,-19.4,8.5,8.1,23.6,17.5,27.8,-46.4,-39.1,17.7,1.6,6.6,15.2,6.9,2.6,-0.3,-4.1,-2.1,0.1,0.7,-0.7,0.8,5.6,14.9,-0.3,-0.6,1.5,-0.1,-3.5,-28.5,-37.1,1,15.2,-23.7,6.9,-14.5,-0.8,-3.2,-2.2]"
"Sans nom","Acceleration","21/01/2026 12:07:56","21/01/2026 12:08:06",10.01,"[0,-0.2,-0.2,0.1,0.6,-0.3,-0.1,0.3,0.9,-0.1,0.4,-0.2,1.3,-0.8,-0.4,-0.9,1,0.3,-0.6]","[0.2,0,0.1,0.4,0.7,1.5,2.4,2.1,2.3,2.7,1.6,1.9,2.9,1.4,-1.8,-1,-1,-1.5,-0.6]","[0.3,-0.2,-0.1,0,-0.9,-0.6,-1.2,-2,-2.4,-1.6,-2.3,-1.9,2.7,0.5,2.3,3.5,2.1,1.3,2.9]","[12.7,-22.1,10,1.3,19,-8.9,1.6,8.9,-43.2,-1.4,3.2,-10,0.2,26.8,19.9,54.9,1.5,-6.7,-20]","[-23.6,-0.5,-5.5,0.7,-1.5,1.1,0.1,-4.8,34.6,-16.3,-3.7,-8.8,1.8,5.5,-0.5,-26.1,-8.4,2.9,3.6]","[4.7,-1,-2.1,0.9,-1.4,-0.8,0.7,3.9,-2.2,2.3,-1.6,-8.6,10.6,-18.5,2.7,33.4,-10.4,2.5,4.8]"
"Sans nom","Freinage","21/01/2026 12:07:58","21/01/2026 12:08:08",10.01,"[0.9,-0.1,0.4,-0.2,1.3,-0.8,-0.4,-0.9,1,0.3,-0.6,0.2,0.1,-4.6,-0.8,-0.1,0.2,-0.1,0.1]","[2.3,2.7,1.6,1.9,2.9,1.4,-1.8,-1,-1,-1.5,-0.6,-1,-2.9,-5.6,-4.6,-2.5,-2.8,-1.5,-0.8]","[-2.4,-1.6,-2.3,-1.9,2.7,0.5,2.3,3.5,2.1,1.3,2.9,-1.2,1.2,10.2,2.2,3.7,3.3,2.6,1.5]","[-43.2,-1.4,3.2,-10,0.2,26.8,19.9,54.9,1.5,-6.7,-20,-11.4,-1.5,10.1,-6.3,9.3,-14.8,5.2,7.7]","[34.6,-16.3,-3.7,-8.8,1.8,5.5,-0.5,-26.1,-8.4,2.9,3.6,7.4,11.7,13.1,-1,-27.7,1.8,-12.9,1.9]","[-2.2,2.3,-1.6,-8.6,10.6,-18.5,2.7,33.4,-10.4,2.5,4.8,-0.8,-21,-6.4,7,-4.4,-0.2,8.3,-2.5]"
"Sans nom","Conduite non agressive","21/01/2026 12:08:08","21/01/2026 12:08:27",19.31,"[-0.1,0.9,0.1,1.8,0.8,0.7,-0.4,0.2,-0.9,-0.2,0.2,0.3,-0.4,-0.5,0.2,-0.5,-0.3,0,-0.3,0.2,0.1,-0.2,-0.5,-0.3,-0.3,0,-0.5,0.2,0,0.2,0,0,0.5,-0.3,-0.1,-0.1,0.5,-0.3,0,-1.8,-1,-0.5,-0.9,-0.2,0,0,-0.1,-0.1,-0.1,-0.1,-0.1,-0.2,-0.3,-0.4,0.3,-0.1,-0.3,0.4,-0.7,0.3,-0.8,1.9,-2.2,-0.9,0.3,0,-0.3,0.9,0.5,1.5,-0.3,-0.7,-0.2,0.1]","[2,2.1,2.3,2.2,1.7,0.4,0.3,-1.8,-0.9,-0.4,0.3,1.3,-0.4,-0.5,0,0.1,0.4,0.5,0.6,0.1,0.4,0.3,-1.1,-1.2,-0.3,0,-0.5,-0.1,0,-0.1,0,-0.1,-0.1,0.2,-0.1,0.3,0,0.5,-0.7,-0.3,-1.5,-1.2,-0.9,-0.9,0,0,-0.4,-0.3,-0.2,-0.5,-0.5,-0.6,-0.8,-0.7,-0.5,-0.1,-1.3,-0.3,-0.2,-0.5,-1.5,-0.4,0.3,-0.9,0.8,0.1,0.2,0.5,0.6,0.9,-0.2,0.4,-0.2,0.4]","[-2.8,0.4,-1.3,-4.3,-2.9,-1.1,0.6,2.3,0.8,0.7,1.7,0.5,0.8,-1.6,-1.1,-0.4,0.6,-0.3,-0.6,-1.3,-1.7,-2.1,0.7,-0.5,-0.2,0,0.3,0.6,-0.7,0.2,-0.3,0.1,-1.6,0.4,-0.4,-0.3,-1.2,-0.3,-1.7,5,1,1.6,0.5,-0.3,1,0.9,-0.4,1.4,0.5,-0.1,0.4,1,0.4,-1.8,-0.5,0.6,0.3,-1,0.9,0.6,-1.7,0,-1.8,1.7,0.7,0.8,-1.2,0.7,-0.2,2.1,-0.1,-0.3,-1,-0.3]","[-13.5,13.6,-40,27.8,-13.2,-5.5,0,7.5,-4.6,-7.1,3.9,-15.1,-1.3,0.3,5.3,-8.4,-6.8,1.1,-3.6,9.9,-12.9,-2.1,0.7,2.2,-12,-6.3,-0.3,3.5,0.5,-0.2,-1.4,-5.3,-0.8,-4.6,-3.8,7.4,-14.2,-3.6,-15.7,-10.1,-3,0.2,7.4,-1.5,5.5,-4.1,-4.8,7.3,-7.6,11.1,-2.5,-0.7,-3.5,-3.8,0.4,5.2,11,-1.8,-10.1,-27.1,8.9,49.6,-60.3,18.9,-4.2,28.4,-8.8,28.7,-7.9,45.4,-7.6,-12.1,11.5,-13.3]","[-5.9,-0.6,-14.4,9.2,-7.1,1.2,-5.9,-7.9,7.8,-0.3,-8.7,2.5,-8.8,2.2,-2.5,-1.7,-1.4,0.3,-7.3,-0.1,4.7,-3.9,-2.3,4.8,3.3,1.8,2.7,7.8,6.3,0.2,2.6,-2.6,0.3,-0.8,-0.3,1.8,5,-5.3,-2.1,10,0.8,-5.4,3.4,2.6,2.8,7.3,-2.4,-1.3,-5.4,2.1,-1.2,1.5,0.7,5.6,5,1.8,4.6,0.6,35.5,15.6,-19.1,77.4,26.9,-20.5,-21,-0.3,-10.9,2.7,7.7,-4,-26.4,-5.5,-10.2,-1.3]","[16.4,-4.3,-5.6,-4.3,-0.3,-15.7,3.7,-3,2.4,5.9,-1.6,-5.4,-1.2,2.3,3.4,-2.2,-1.4,-1,0.3,0.2,-2.6,-0.6,-5.2,-1.2,2.6,-2.3,-5.2,-3.1,-2.4,3.4,-2.9,-0.3,-0.2,1.2,1.3,3.4,-4.2,4.3,-1.4,-14.5,5,0.7,2.4,1.7,-1.3,7.9,-12.6,5.8,3.6,0.9,0.9,0.6,0.7,-2.5,1,3.8,2.2,1.2,5.4,-27.3,-35.5,-34.2,34.7,34.5,13.2,4.5,-9.3,-1.4,-2.3,-22,7.2,0.6,-3.3,-0.3]"
"Sans nom","Freinage","21/01/2026 12:08:27","21/01/2026 12:08:37",10.01,"[-0.4,0,0.3,0,0,-0.5,0,-0.9,-2.5,1.7,0.3,0.4,-0.2,0.6,0.3,0.3,0.4,0.4]","[-0.3,-0.1,-0.1,-0.2,-0.3,-0.7,0,-0.6,2.2,-1.5,-1.1,-0.3,-0.2,-0.9,-0.9,0,-2.1,-3]","[-1.3,0.3,-0.2,0.8,-0.2,-0.9,0.9,-2.2,0.2,-0.4,1.5,0.2,-0.4,-1.3,-1.4,0.9,3,2.3]","[-9.4,4,-3.1,7.8,5,-5.3,2.3,-43.3,-20.7,11.8,-13.9,9.6,-11.8,4.4,11.6,9.4,-12.8,8.4]","[0.4,-10,3.7,-13.6,-6,4.4,13,33.6,-3.4,-15,35,-4.4,-1.9,4.5,0.7,1.4,8,6.5]","[1.6,4,5.4,0.1,1.9,-0.3,-6.2,21.6,-4.9,-6.8,-46.5,3.8,6.5,-18.7,2.2,4.2,3,-4.9]"
"Sans nom","Acceleration","21/01/2026 12:08:37","21/01/2026 12:08:46",8.34,"[1,0.2,-0.3,0.3,-0.2,0,-0.5,0.7,-1.1,-0.2,0.6,0.5]","[1.1,0.9,1.2,2,2.1,2.7,2.7,2.7,1.6,1.4,1.3,0.9]","[-1.4,-0.5,-1.2,-1.4,-2.3,-2.2,-2.6,-2.1,-2.8,-0.7,-0.7,-1.7]","[-15.8,0.9,0,3.8,7.7,24.4,-10.9,-6.6,-15,17.3,6.4,30]","[16.4,-0.7,0.5,0.8,0.2,-0.3,0,0.8,-37.6,-18.4,2,11.4]","[-15.3,5.3,5.7,0.8,3.1,28.1,-8.8,-4.3,43.9,-2,-2,-6.8]"
"Sans nom","Conduite non agressive","21/01/2026 12:08:46","21/01/2026 12:09:04",18.83,"[-0.5,-0.7,0.1,0.1,-0.2,-0.2,-0.1,0,0,-0.2,0.5,-0.3,0.3,-0.2,-0.1,0.2,-0.2,0.1,0.4,0.2,0.4,0.1,0.4,0,0,0.1,0,0.1,-0.1,-0.1,-0.2,0,-0.1,0,-0.2,-0.1,0.4,-0.2,-0.2,-0.3,-0.4,-0.3,0.1,0.5,-0.1,0.2,-0.2,0,0,0.1,-0.1,-0.2,-0.5,0.1,0.1,0.2,-0.1,0.1,-0.4,0.1,-0.7,0.1,0.2,0,0.2,-0.2,0.5,0.4,0.1,-0.2,-0.4]","[-0.3,0.4,0.7,1.1,-1.2,-0.8,0.1,0.7,0.1,0.3,0.3,-1.2,-0.7,0,-0.1,-0.5,0,-0.3,-0.9,-0.8,-0.4,-0.7,-0.5,-0.3,-0.5,-0.3,-0.1,-0.1,-0.4,-0.1,0.1,0.3,-0.2,-0.5,-0.4,0.5,0.3,0,-0.1,0.7,0,0,0.2,0,-0.2,-1.1,0,-0.2,0.1,-0.2,-0.3,0.1,-0.2,0.2,-0.2,0,-0.1,-0.8,0,0.1,-0.8,-0.1,0,0.1,-0.2,0.2,0,0.1,0.1,0.2,0]","[-0.6,0,-1.1,-2,1,0,-0.4,0.5,0,-0.7,-0.4,0.8,-0.1,-0.2,0.9,0.1,1,-0.8,-0.4,1.1,-0.1,-0.7,0.4,0.9,0.7,1.5,1,1,-0.1,-0.2,0.4,0.3,-0.3,0.4,1.7,1.3,1.2,-0.4,1.2,1.5,-1.7,0,-0.9,-1.2,0.4,-3.4,-0.8,-0.9,0.4,0.2,-0.6,0.9,1.1,-0.1,1.1,0.2,0.3,-1.6,1.6,-0.8,-0.9,0.2,-0.4,-0.7,0.2,0.2,-0.2,-0.1,0.3,0.4,1.3]","[11.2,-2.9,0.7,-6.4,-8.5,-2.2,5.6,-1,-9.2,1.2,-0.6,0.2,-2,2.3,0.2,-0.3,-2.9,-1.3,13.2,3.5,-1.6,-19.5,0.6,7.6,-9.6,3.7,4.5,-0.7,1.2,-0.8,-1.6,-2,-1.7,16.6,33,-7.5,-5,-7,5.3,-1,-24.9,2.2,-9.7,-1.4,9.6,11.6,0.5,4.9,2.1,1,-7.6,3.4,13.7,-3.8,4.7,7.3,-5.7,1.1,0.6,-5,-13.1,0.3,-12.8,-10.3,27.5,-4.9,6.3,-1.2,-5.1,7.3,-1.3]","[-2.1,-0.1,-4,5.3,-0.8,1.3,-0.2,1.8,-0.5,2.2,1.5,-1.1,-0.2,0.9,0.2,-0.6,-3.5,-2.1,-7.1,2.2,-1.5,10.5,2.7,-0.8,2.7,-3.3,-1.5,-1.8,-0.3,-0.7,-0.3,1.5,1.1,-9.5,-4.3,-0.3,-0.1,-1.5,-0.3,-2.8,-0.5,-0.5,2.3,0.5,-1.1,3.1,1,1,1.3,-2.4,16.1,0.7,-35.6,3.2,-0.6,-4.6,1.5,7,-5.6,-1.6,22.3,-9.3,2.1,13.1,-8.9,-3.2,-2.4,-1.2,-0.5,-2,2]","[2.6,-0.6,3.1,3.8,-4.5,0.1,1.6,1.7,-2.8,0,-4.4,3.4,4.4,0.3,-2.7,0.4,0.3,-1.3,0.4,0.5,0.1,-7.5,-3.2,-1.3,0.4,-0.6,0.3,0.2,-1,-1.4,-2.2,-0.6,-0.1,2.5,4.1,-1.1,-0.2,-0.6,2,4.5,-2.9,-0.5,-1.9,0.7,-1.5,-6.6,1.5,1.8,-2.5,2.2,1.4,-3.6,-8,4.3,-3.2,4,-1.2,3.2,-5.8,-1.8,16.6,-0.5,-0.3,1.3,-3,-2.4,1.6,-2.7,0.1,4.2,-2.4]"
"Sans nom","Freinage","21/01/2026 12:09:04","21/01/2026 12:09:14",10.00,"[0.2,-0.4,-0.5,-0.5,-0.3,-0.5,0.4,-0.4,0.2,-0.2,-0.2,-0.1,0.2,0.3,0.2,0.2,0.3,0.4,0.2]","[0.2,-0.4,-0.2,0,-0.2,-0.1,0.3,0,-0.2,-0.6,-0.6,-1.6,-2.1,-1.5,-2.2,-1.9,-2.2,-2.4,-1.7]","[-0.1,0.3,0.4,-1.4,0.1,0.1,1.2,-1.5,0,0,0.4,0.3,0.9,1.5,1.2,2.6,2.1,2.2,1.5]","[-11.8,7.7,-16.9,-9.9,-1,7.9,-2.4,-2,23.4,-16.1,-10.8,11.2,13.5,3.8,6,7.1,0.5,5,3.7]","[1.7,7.6,-7.6,2.5,-1.5,-14.5,2.4,7.5,-5.7,3.5,5.9,-7.1,10.9,-7.2,-2.4,-4.2,0.9,-4,-1.7]","[-2.4,-1.5,-5.3,-5.1,-2.6,0.4,-4.1,6.8,-2.6,-0.6,-11.8,1.2,-1.4,0.3,-1.8,0.1,-1.4,2.3,-1.3]"
"Sans nom","Conduite non agressive","21/01/2026 12:09:14","21/01/2026 12:10:13",58.56,"[0.3,0.6,0.2,1.3,0.7,0.5,-1.3,2.2,-0.1,0.8,-0.4,-0.6,1.4,0.2,0.1,0.3,0.5,-0.1,0,-0.1,0.8,-0.2,-0.6,1.4,-0.6,0,-0.4,0.3,0.4,-0.6,0.7,0.3,-0.2,0.1,-0.7,0.4,-0.4,-0.2,0.2,0.1,0.3,0.2,0.1,-0.1,-0.1,0.1,-0.1,0.2,-0.2,0,0.1,0,-1.8,1.4,-0.5,0,0.9,-0.1,0.2,0,1,-0.7,2.5,0.2,-0.1,0,1.1,0.3,-0.1,-0.1,0.1,-0.2,-0.1,-0.1,1.6,0.1,-0.6,0.1,0.5,0.5,0.1,0,0.1,0,0,1.4,-0.1,0,0.2,-0.6,0,0.1,-0.5,-0.6,1.2,-1,-0.2,0.2,-0.1,-0.2,0.2,0.3,-0.1,-0.9,0.2,-0.4,-0.7,-1.2,2.4,0,-0.1,0.2,0.1,0.1,-0.1,0.1,-0.2,-0.1,0.1,0.2,0.6,0.1,-0.2,-0.6,0.3,-0.7,-0.2,-0.1,0.2,-1.7,-2,-0.9,0,-0.2,-0.3,0.8,-0.3,0.3,0.2,0,-0.2,0.4,0,-0.1,-0.2,0.2,0,-0.1,-0.7,-0.2,0.1,-0.1,0.7,0.1,-0.2,0,-0.2,0.1,0.5,0.3,0.3,0.2,-0.2,0.3,0.5,0,-0.5,0.6,-0.3,0,0,-0.5,0.2,-0.2,0.4,0.2,0,-0.3,-0.3,-0.3,-0.1,-0.3,0,-0.6,0.2,0.6,0.2,0.9,0.5,0.3,0.3,0.5,0.3,-0.3,0,-0.1,-0.3,-0.4,-0.9,-0.2,-0.1,-0.1,-0.1,0.3,-0.6,-0.5,0.3,-0.3,0,0.6,0.3,0.4,-0.1,-0.7,-0.3,-0.3,-0.2,0.2,-0.6,0.3,0.3]","[0.3,0.5,0.5,0.1,0.5,1.8,-1.1,1.7,1.2,-0.1,1,0.4,0.7,0.5,0.2,0.1,0.5,0.3,0,0.1,-0.6,0.1,0.1,-1.3,0.4,-0.2,0.2,-0.2,-0.1,0.4,-0.7,-0.4,0.2,0.1,0.2,-0.1,0.4,-0.1,0.2,-0.1,-0.2,-0.2,-0.1,0.1,0.1,0.3,0,0.2,0.1,0,-0.1,-0.1,0.7,-0.5,0.3,0,-0.4,0.1,-0.1,0.2,0,1.6,-2.6,-0.3,0.9,0.6,-0.8,0.2,0.3,0.1,0.1,-0.2,0,0,0.5,0.3,-0.1,0.1,0.1,0.2,0.1,-0.1,0,0,0.1,0.6,0.1,0,0.1,-0.3,0,0,-0.3,-0.3,0.5,-0.6,0.2,0,0,0,0.2,0.1,0.1,0.4,1,0.8,0.7,-0.4,1.6,1.5,0.9,1.4,0.5,0.3,0.4,0.5,0.2,0.1,0.2,0,-1.2,-0.5,0.1,0.1,0,0.2,-0.2,-0.1,-0.1,-0.5,-1.6,-0.3,-0.5,0.5,-0.2,-0.2,-1.1,-1.4,-0.9,-0.2,-0.3,-0.1,0,-0.1,-0.2,-0.1,-0.2,-0.2,-0.1,-1.3,-0.7,-0.5,-0.4,-0.2,-0.4,-0.3,-0.5,-0.1,0.1,-0.1,-0.3,-0.1,-0.3,-0.3,0,-0.2,-0.5,0.4,-0.1,-0.1,0,0.1,0,-0.1,0.1,0.1,0.2,0.2,-0.1,-0.2,0.1,-0.1,-0.1,-0.5,0,0.2,0.3,-0.1,0.2,0,-0.2,0.4,0.2,0,0,0.3,-0.1,0.2,-0.2,0.1,-0.4,-0.4,0.1,0,-0.3,-0.3,-0.1,-0.4,-0.3,0.7,0.4,0.5,-0.3,-0.3,0.1,0.1,0.2,-0.1,-0.2,0,0]","[-0.2,-1.2,-0.9,-0.1,-1.3,-0.5,-0.5,2.7,-0.3,0.2,0.2,0.1,0.2,0,-0.2,-0.3,0.4,-0.2,0.4,-0.1,-0.9,0,1.5,-1.6,0.2,0.3,0.1,0.1,-0.6,-0.4,0,0.3,0.5,0.5,-0.1,0.6,0.1,0.2,0,0.4,-0.1,0.1,-0.1,0,0.2,0,0.5,-0.4,0,0.2,0.1,0.1,0.5,-0.2,0,0,-0.3,-0.6,0.2,-0.5,-1.2,1,-0.8,1.1,-0.9,-1.1,-0.6,-0.5,-0.1,0.2,0.3,0.2,-0.6,0,0.4,-1.2,0.9,0.3,-0.1,-0.2,-0.1,0,0.1,0.2,-0.3,0,-0.3,-0.1,-0.2,-0.2,-0.2,0,0,0.2,0.4,0.3,-0.1,0.2,0,0.1,-0.2,-0.3,0.3,-1.1,-0.5,-0.4,-0.4,1,-0.7,-1,-0.5,-1,-0.7,-0.5,-0.1,-0.4,0,0.8,0.1,-0.9,1.2,-0.3,0.1,-1.3,0.5,-0.9,0.3,0.3,1.1,-1,-2.4,0.9,1,-0.6,-1.5,0.5,0.5,0.8,0.5,0.2,-0.2,0.5,0.4,-0.9,0.2,0.3,0.3,0.3,-0.5,-0.2,1.6,0.9,1.7,-0.2,1.2,-1.6,-1,-0.2,0.6,0.4,0.1,0.2,-0.5,-0.6,0.9,0.2,-0.5,1.7,-0.5,0.1,0.3,-0.5,0.3,-0.2,0.6,-0.9,0.4,0.3,-0.4,-1,0.3,-0.3,-0.1,-0.9,0.4,1.3,0.9,0.8,0.7,0.9,0.1,1.9,0.2,-0.7,0.5,0.4,-1.1,0.1,-0.6,0.1,-1.4,-0.5,-1,0.1,-1.2,-0.8,0.1,-1.7,-0.5,1.4,1.1,2.1,0.2,-0.3,0.3,-0.1,-1.2,-0.3,-0.7,0.8,-0.4]","[13,-5.3,-8.1,-11.8,-17,-9,-26.5,-18.9,-2.2,2.2,4.3,-2.6,1,11.3,6,-0.7,-3.6,4.6,1.4,-1.2,-1.6,0.3,43.6,-27.3,-13.8,-0.5,5.7,3.9,-6.5,2.3,-10.3,6,-8.2,-1.4,24.9,-10.2,9.8,6.7,0.3,2.1,-1.3,-0.3,0,0.2,-0.1,0,4,-8.3,0.2,0.8,-2.8,0.6,27.7,49.7,3.1,-5.1,-5.9,-51.8,0,-27.9,6.5,41.4,-28.8,-23.5,31.7,-41.4,-22,-10.4,-9.4,-10.6,1,-7.6,2.6,-1.9,24.3,18.7,-83.9,-3.2,8.6,1.3,0.3,0.6,3.2,6.8,-8.3,8.8,18.7,0,-2.7,7.3,1.6,6.7,2.9,-0.8,12.3,-1.5,-1.8,3.3,-3.8,3.9,3.3,-8.8,14,4.5,14.3,6.8,-4.5,92.3,-5.5,-15.6,7.6,-9.4,9.5,-1.6,-2.3,-3.1,-6.3,-0.7,11.3,-4.1,5.5,1.7,-3.2,3.1,6,-6.2,8.3,-6.2,10.3,-37.6,-13.9,5.3,7.1,49.4,-9.4,12.8,-13.3,5.7,1.7,-2.4,1.7,1.8,2.7,-3.6,12.1,-3.8,1.4,-0.7,-3.5,1.7,-4.2,3.8,9.3,-8.2,2,-4.7,-4.4,3.1,1.3,-2.4,4.9,4.3,-6.5,-3.7,3.1,-5.5,6.6,-5,-4.3,3.8,-4.9,-5.1,6,-5.5,0.8,-9.1,-8,-3.9,-7.7,4.5,1.5,4.9,6,-4.7,2.3,4.8,1,15.6,3.8,-1.1,9.9,10.2,-14.9,-4,-1,-12.3,-15.5,-8,-8.6,-0.8,8.3,-4.8,-4.7,2.6,-6.3,-4.9,1.7,-7.6,-0.1,14.3,-10.3,10.8,-5.2,-14.2,-6.4,-9.1,-6,5.9,-8.4,5.8,-3.1]","[12.4,-7.4,-8,-3.4,-8.4,14.4,-83.7,57.6,19.6,3.1,22.2,15.7,-7.9,10.7,6.5,4.9,-24.1,7.4,-0.7,-1,-13.8,0,-2.1,-1.3,-3.3,4,1.8,18.7,2.4,-7.8,-11.1,0.1,1.1,-3.1,-41.6,18.1,3,0.8,-2.3,1.4,1.2,2.3,0.8,-2.7,-2.2,-0.6,-0.5,-12,1.6,-2.4,0.2,-2.8,-23.3,32.6,5.5,14,0.1,18.9,5.4,-6.3,0.5,57.5,-53.7,-21.8,-25.6,5.5,-4.6,10.6,5.8,8.5,10,5.3,2.2,2.6,-22.6,-9.7,30.9,10.4,1,-3.2,-0.8,-1.5,-2.6,-7.8,12.9,-0.3,-24.7,-4.6,-1.8,-5.4,-4.8,-7,17.8,6,-12,-14.9,12.4,2.4,4.9,4.9,-2.8,15.7,-18.1,-14.7,-6.6,-3,1.6,-19.6,11.3,-10,0.2,-11.2,-0.7,-0.1,-8.5,-6.4,-1,-2.7,-2.7,4.7,0.3,-0.1,-2.8,-1.9,-3.5,-13.2,13.1,0.1,14.7,-23.8,21.9,9,18,-8.4,0.4,5.7,1.3,3.6,1.7,-3.3,-2.3,2.7,0,-1.7,7,-1.8,-1.8,2.4,-4,5.3,3.7,0.3,5,5,0.2,1,-5.5,1.7,-2.1,-1.5,-0.4,-2.2,-5.8,-2.3,-0.2,-5.6,5.2,8.8,-0.3,2.1,-3,-4.2,4.7,-2,-0.8,0.1,-3.8,-4.1,-4.4,1.7,-3.3,2.4,4.5,-4.4,2.6,-1.1,-0.9,6.4,-1,0,3.6,-0.5,-2.3,4.1,-1.5,-4.1,-3.8,-5.9,-3.9,-3.6,3.8,-2,1.6,3.6,-3.2,-2.9,2.3,-0.8,0.1,3.6,1.4,5.5,0,-6,-1.5,-6.9,-1.6,6.8,-2.1,21,2.4]","[-19.1,6.2,5.5,-15,-6.9,-26.6,12.3,24.4,17,-0.6,-6.5,3.5,6.9,-6.3,-10.4,-3.6,0.8,-1.8,4.1,1,8.6,4.5,39.1,-15.6,3.5,2.2,-12.4,-0.3,-8.1,3.3,6.3,-1,3.3,6.6,-3.8,15.3,-13.9,-2.1,-0.8,-2.1,-1.2,-1.4,-1,1.6,1.2,-0.6,-1.4,6.1,-0.1,-1,-2.2,-0.7,17.2,13.9,-10.8,-4.9,-15,-12.7,-10.3,-7.2,-14.8,38.7,-44.2,7.6,-14.2,-7.7,-15.7,12.1,2,1.1,0.1,3.1,2.6,1.9,-30.9,-17.1,13.6,-3.5,4.9,-2.8,-1.2,0.4,1.2,5,-19.9,29.4,3.4,9.5,-2.5,6.8,1.1,16,15.2,-3.4,-12.2,-20.6,-0.9,3.5,11,2.9,1.6,-6.8,-8.5,14.7,6.5,-0.1,0.4,28.9,2.6,6.3,3.4,4.8,1.7,0.4,0.3,3.4,1.1,1.8,5.7,-0.8,-2.9,1.4,1.9,0.1,1.9,0.8,2.2,1.2,-2.4,-1.5,-0.3,-2.5,-13.7,9.9,0.4,-4.5,-3.1,-1.2,-2.4,-2,1,-1,1.2,-1.2,0.3,1.1,-0.7,0.8,1.7,0.5,5.1,-1.3,0.2,2.2,0.2,0.7,2.5,-0.3,1.8,-1.2,-0.8,-1.6,2,0,-0.8,0.9,-0.2,0.5,0.8,-1.5,2.4,1.2,-0.6,0.7,0.3,1,0.2,0.8,2.4,-1.8,-1,-0.8,-2.6,2.2,-1.4,-0.8,-1.7,-3.6,-1.4,0,-1.1,-0.6,1.8,-0.4,1.2,1.6,-0.1,1.9,0.7,-0.2,-0.4,1,-1.3,-0.7,1.7,0.3,0.6,1.3,-1.2,-2.5,1.4,0.3,3.2,1.9,3.6,0.9,1.4,0.1,0.6,3.5,-0.1]"
"Sans nom","Freinage","21/01/2026 12:10:13","21/01/2026 12:10:23",10.01,"[0,0.4,0.3,0.5,0.4,0.2,-0.3,0,-0.5,-0.3,0.1,-0.2,0.1,0.2,1,-0.1,0.8,0.2]","[0,-0.3,0.1,0.2,0,0.5,0,0.3,-0.2,0,-0.1,-0.5,-0.2,0,0.6,-1.1,-4.4,-1.3]","[-0.6,-0.2,1.3,1.1,0.9,1.2,-0.8,0.1,-0.5,0,0,-0.3,0.4,0.6,0.3,-0.9,2.8,3.7]","[-0.8,13.5,10.3,-2.8,3.3,-3.1,-11.1,-7.1,0,3.9,-1.8,2.7,2.9,8,11.8,-10.3,30.6,-9.3]","[0.9,2,-1.7,-2.9,0.9,-2.5,14.5,-24.9,-5.2,-10.9,4.3,-1.3,4.8,-0.2,8.5,4.8,10.7,-6.3]","[-2.9,-0.6,-2.3,0.4,-0.1,-0.8,5.2,3,2.3,6.7,-0.1,1.1,2.2,0.6,2.7,-3.1,-1.7,12.4]"
"Sans nom","Conduite non agressive","21/01/2026 12:10:23","21/01/2026 12:11:37",73.85,"[-0.3,-0.2,2.1,-0.3,2,0.6,-1.5,-0.1,-0.7,-1.5,-0.2,0.4,-0.4,0.1,-0.2,0,-0.1,0.4,0.2,0,-0.3,0,1.8,-1.1,0,-0.3,0,0.8,0.2,0,0,0.1,0,-0.1,1.1,-0.2,-2.4,-0.7,1.6,-0.8,-0.2,-2.7,-1.2,-0.5,-0.8,0.3,-0.2,-0.8,-0.7,-1.6,1,1,-0.4,-0.3,0,-0.4,0,0.2,0,0,0.2,0,0.2,0.2,-0.3,-0.6,-0.6,0,0.7,0.6,-0.8,-0.4,-0.2,-0.5,0.7,-1.8,0.1,0.2,1.3,0.1,0,-1.1,-2,1.2,-3.6,-1.8,-3.3,0,0.5,0,0.4,2.4,-1.3,-0.9,1.2,0.6,-1.2,-0.7,2.5,2.6,0.7,-1.3,-0.6,-0.1,-0.7,0.3,0.5,-0.4,0.1,-0.1,0.2,0.2,0.4,-1,-0.8,0.1,0.3,0.1,-0.2,-0.6,-0.9,-1.3,-0.9,0,1.4,-1.5,0.7,0.6,1.1,0.3,0,0,0.1,-0.1,-0.3,0.6,0.1,0.3,-0.7,1,-0.2,-1.2,0.3,0.7,0.6,-0.4,1,-0.3,0.4,-0.2,0.1,0,0.3,1.3,1.5,0.4,-0.1,-0.7,0,0.4,-0.1,-1.2,-0.3,-1,-0.1,0,0.2,0.2,0,0.1,0.7,0,0.1,0.6,0.1,0.6,0.3,0.2,0.2,0.2,-1.3,0.3,0.2,-0.1,-0.1,0,-0.2,-0.3,0.1,0.4,0.4,-0.1,0.1,0.5,0.4,0.6,-0.1,-0.6,-0.2,0.2,-0.1,-0.2,0.4,-0.2,-0.1,-0.3,-0.1,0,0.2,-0.2,-0.3,0,0,-0.2,0,-0.2,-0.1,0,0.6,-0.1,0.1,0.4,0.2,0.3,0.5,-0.2,0,-0.6,0,0.1,0,-0.1,0.5,-0.5,-0.4,0.3,0.4,0,0,0.3,0.1,0.3,-0.4,-0.2,-0.1,0.2,0.4,0.6,0.1,-0.2,0.6,-0.3,-0.1,-0.2,-0.1,0.7,-0.2,-0.5,-0.3,0.2,0,-0.2,0,0.4,0.3,0,-0.1,0.3,0.1,0.3,-0.2,0,0.1,0,-0.1]","[0.5,0.2,0.9,1.1,2.9,0.4,0.1,0,0.4,0.2,-0.2,0.2,0,0.2,0,0.1,0,0.1,0,0,0,-0.1,0.3,-0.3,0.1,-0.1,0,0.2,0,-0.1,0,0,-0.1,0,0.3,-0.6,-0.3,-0.3,0.5,-0.6,-0.2,-0.9,-0.3,-0.1,-0.2,0.1,0,-0.3,-0.3,-0.9,0.3,0.2,-0.1,0,0,-0.1,-0.1,0,-0.1,0,0,0,0,-0.1,0,-0.2,-0.1,-0.1,0.2,0.2,-0.3,0.1,-0.1,-0.2,0.5,-0.8,0.1,0.1,0.5,0.1,0,-0.2,-0.6,0.1,-2.8,-0.3,-0.4,0.6,0.9,0.6,0,0.2,-0.1,-0.4,-0.4,0.9,-0.8,0,0.4,0.7,0.2,-0.7,-0.1,0.1,-0.6,0.3,-0.2,-0.1,0,0,0.1,0.1,0.1,-0.2,0,0.1,0,-0.1,0,0,0.9,1.1,1.1,1,-1.1,-1.1,-0.7,-1,-0.5,-0.4,0.1,0.5,0.2,0,-0.2,-0.5,-0.1,-0.7,-0.2,0.3,0.3,-0.4,0.1,0.4,0.1,-0.1,1.1,0.7,0.4,0.8,0.3,0.8,0.2,0.6,-0.3,-0.2,0.2,0.3,-0.9,-0.3,-0.2,0.1,0,0.4,-0.4,0,0.2,-0.4,0.3,-0.8,-0.2,-0.2,-0.2,-0.2,-0.3,-0.6,0.2,-0.8,-0.1,-0.2,-0.7,0.2,0,0.1,0.4,-0.2,-0.2,-0.1,0.2,0.1,0.2,0.2,0.1,-0.2,0.1,0,0.1,0,-0.4,-0.1,0.2,-0.3,-0.2,0.1,-0.1,-0.7,-0.4,0.1,-0.2,-0.1,0,-0.4,-0.3,0.2,0.8,0.6,0.3,0.3,-0.2,-0.2,-0.2,-0.1,0.3,0.5,0.2,-0.4,-0.7,-0.3,-0.7,0,-0.3,0.3,0.2,-0.4,0.1,0.3,0.3,0.3,0.2,0.2,0.2,0.4,0.1,-0.2,-0.1,0.1,0.1,-0.1,-0.2,-0.5,-0.6,-0.6,-0.5,-0.3,0.2,0.3,-0.4,-0.5,-0.1,0.3,0,0,0.2,0.3,0.2,0.2,-0.1,0.1,0.1,0.1,-0.1,0.8,1,0.7,0.6]","[0.3,1.8,-3.8,-1.9,0.5,-0.5,-0.6,1.3,-1.1,-1.1,-0.7,-1.4,-0.3,-0.7,-0.1,-0.2,-0.1,-0.4,0.2,0,0.2,0.2,-0.6,0.4,-0.2,0.1,0.3,-0.5,0.2,0.1,0.2,0,0.4,0.2,1.7,-3.8,-0.4,-0.2,0.9,2.6,-0.1,1.4,0.1,0.2,0.3,0.1,1.2,0.7,0.5,1.9,-0.7,-1.9,0.3,0.1,0.2,0.3,0.4,0.1,0,-0.1,0.2,-0.2,0.3,0.5,0.1,0.1,0.9,-1,-0.8,-0.1,0.7,-0.6,-0.1,-1,-1.3,-1.4,-1.5,-0.8,-1.2,-1.7,0.4,-0.5,0,-0.2,4.6,5,0.5,-0.2,3,2.1,-1.2,-0.6,-1.3,1.4,-1.2,1.4,-0.1,-0.5,1.1,2.5,0.6,0.7,-1.7,-0.8,1.1,-0.3,0.5,0.5,-0.8,0.4,-0.4,-0.6,-0.5,0.2,-0.3,0.3,0,0.3,0.4,-0.4,-1.5,-2,-2.5,-1.5,0.7,1.5,1.7,0.1,1,0.3,0,-1.7,-1.4,1,-0.2,-0.4,0.2,0.1,1,1,-1,1.3,-0.8,-0.2,-1.2,0.9,-1.8,-1.4,-0.5,-1.5,-0.3,0.4,-0.3,1.6,0.4,0.9,0.3,-1.1,0.6,0.6,-0.2,-1.7,0.9,-0.5,-0.5,0.9,1.3,1,-1.2,0,-0.6,0.4,0.5,0.2,-0.1,-0.7,-0.4,-0.5,0.4,2.5,0.8,-0.5,0.2,0.3,-0.2,-0.5,0.3,-0.2,0.2,-0.5,-0.1,-0.4,0.4,-0.2,0.7,0.3,-0.5,-0.2,-1.7,-0.2,0.5,-0.4,-0.1,-0.6,1.2,-0.1,-0.2,0.6,-0.4,0.1,0.1,-0.6,0,0.5,-0.1,-0.1,-0.2,-0.2,0,-0.9,0.7,0.2,-0.6,-0.2,-1,0.4,0.6,-0.9,-0.9,0.4,0.2,1.2,-0.1,-2.6,1.2,0.4,0.1,-0.1,0.6,1.3,0.3,0.5,0.5,0.2,0.6,0.3,-0.8,-0.6,1.1,-0.1,0.1,-0.2,-0.7,0.1,-1.4,-0.8,0.2,-0.1,0.1,0,-0.3,-0.2,-0.3,-0.2,0.4,0.2,-0.4,0.6,0.2,-0.1,-0.5,-0.5,-0.7,-1.3,-0.3]","[-36.8,79,-27.4,-47.7,-3.4,97.8,-59.8,113.1,-46.5,18.9,37.3,-7.7,-19.3,-5.4,-3.8,-0.7,2.2,-7.3,1.9,-1.5,-7,-1.8,-18.2,1.3,-3.1,-1.6,-0.5,0,2.2,1.8,-1.7,-0.6,2,0.6,12.7,36.1,-87.5,40.2,90.5,-39.2,-56.6,-16.6,-25.9,-16.1,-15.2,1.6,9.9,-28.2,-19.7,52.6,3.8,-51.2,8.8,-6.1,-1.2,1.2,-4.5,2.2,0.5,0.9,4.1,1,0.9,5.8,-5.6,-10.9,-3.2,-52.2,27.3,21.3,5.6,-3.6,-9.1,-13.9,-20.3,-5.8,-19.1,1.8,-23,0.7,-13.6,-22,23.3,76.6,19.9,-66.2,-1.6,-2.3,26.4,20.4,17.8,3,-4.6,58.6,-10.6,-26.9,-2.6,-13.4,53.8,44.3,-28.1,-16.8,0.1,-30.2,1.7,70.8,28,13.2,31.8,-13.4,1.5,-3.8,-25.9,4.2,4,3,1,-0.6,-1.8,-0.2,9,-7.4,-22,-11.1,-63.2,39.3,-11,-8.5,-1.2,4.2,2.9,-1,6.8,-30.5,-8.1,5.8,-1.4,13.1,6.9,1,13.9,-1.4,41.8,21.6,-13.3,-13.4,-0.9,30.3,-0.2,-5.5,3.5,-6.7,4.9,5.7,9.8,9.7,-12.7,-14.1,9.4,-3.9,1.3,8.9,-2,-15.7,-51.3,-19.8,-36.1,11.1,-15.1,-14.5,0.7,-1.9,7.8,2.6,0.9,-3.8,-18.8,0.9,-7.1,4.1,-1.9,16.4,14.6,20.4,3.8,1.4,3.6,3.2,1,-2.8,-1.5,-3.2,-3.5,3.8,3.8,1.3,-5.1,-2.9,0.9,-5.1,-3.8,0.6,-3.2,-6.7,5.3,-0.3,3.9,5.2,-1.5,-2.3,1.2,-6.1,1.2,5.3,-1.1,-0.4,2.6,0.3,2.7,-4.4,3.1,3.4,-1,2.4,0.1,-2.7,-2.2,1,-4.7,1.3,0.8,13.4,6.9,14.6,10.3,-5.8,1,-0.8,-8.3,1.1,1.2,-0.6,-4.5,-4.5,2.5,0.9,-6.4,-8.2,-1.8,2,4.1,-7.2,0.2,5.2,-4.6,-5,-14.9,-2.8,-0.8,1.2,-1.2,2.5,-2.7,-2.5,-1.3,8.9,1.7,5.8,-4.5,0.2,6.4,-2.6,2.5,1.2,1.1]","[-15.7,-71.3,-26.8,88.6,49.9,-76.8,26.2,-38,67.1,-52,-37.7,18,32,8.3,5.4,1.8,-4.2,1.1,-0.4,-0.1,7.6,3.8,34.1,-7,2.4,1.1,3.4,-0.6,-2.2,1.2,-1.8,1.3,-2.6,14.2,-26.3,-58.7,-64.7,10.6,-93.6,32.9,37.3,17.3,23,6,7.2,-4,-13.1,25.4,1.4,-49.2,6.6,44.8,-9.6,7,1.6,-1.5,3.4,-3.4,-0.8,-2,-4.3,-1.9,3.7,-3.5,10.7,7.7,2.8,53.1,-24.3,-18.1,-6.2,6.5,8.8,8,42.9,15.2,15.7,-3.8,27.5,-0.5,-33.2,25.5,-35.5,45.7,254.1,33.6,31.9,36.7,33,-14.6,-17.5,-52.8,-8,14.6,-45.6,-51.6,-39.2,4.3,-85.6,-2.5,32,22.8,-14.3,-11.2,-18.5,-39.8,-10.8,-5.8,1.8,9.1,-0.6,3.4,25.6,-2.5,-2.2,-1.6,-0.8,1.7,-0.2,3.1,0.7,13.9,18.3,1.4,26.4,-19.4,4.9,4.5,1.5,-0.8,-0.6,-3.8,-6.7,17.3,2.9,-4.6,9.7,-4.5,-2.3,-2.5,-11.5,0.2,-23.4,-7.5,10.7,9.6,4.7,-32.1,3.2,3.8,-1.1,7.6,0.3,-4.9,-7.4,-4.6,9.2,7,-5.8,1.2,0.2,-5.6,2.8,17,50.8,0.8,57.5,12.8,19.8,-1.4,0.1,-7.6,-1.5,-0.2,6.1,5.7,1.7,4.3,0.9,-0.4,2.9,0.3,-3.8,1.5,-1.2,0.4,0,3.3,1.2,4.4,3.9,1.3,0.8,0.3,0.4,1.2,1,-5.2,-0.8,-0.5,6.7,-1.5,0.7,-3,1.7,0.7,-2.9,-0.8,0.6,0.3,-4.6,1.6,0.3,-0.1,0.9,-1.8,-2,-0.6,3.6,3.3,1.2,-0.5,-0.8,-0.7,1,1.1,-0.3,0.1,1.2,0.5,0.1,-19,-3.2,2.8,0.8,1,-1.9,-0.8,-3,1.1,-1.7,0.7,1.5,3.2,-0.6,-1.5,2.6,-1.8,3.3,0.8,1.3,22.3,2,2.2,14.3,4.8,-10.9,-5.5,-2.9,1.1,-0.1,-1.3,5.7,-0.3,-5.1,0.2,0.6,2.9,-0.1,-1.4,2.7,-2.5,-0.3,-0.4,3.9]","[1.7,3.2,33.3,-38.3,-8.7,49.8,0.3,0.1,-23.3,24.4,56.4,-13.4,-23.5,-7.9,-4,-3.1,0.5,-3.7,-0.4,-1.9,-5.3,-3.7,-28.1,8.8,-1,-0.3,-4.3,-0.2,-0.9,-2.1,-0.3,-2,1.3,-7.9,27.9,-16.9,-8.9,-3.8,15.2,-1.7,-11.9,15.7,9.6,-0.1,9.8,4,13.3,1,-6.1,42.7,-17.5,-39.1,14.7,-4.2,0.9,5.7,0.6,2.1,-0.4,-0.8,0.2,-3.1,1.4,1.6,-1.6,-7.9,17.5,-41.7,11.8,14.6,9.5,-4,-13.4,-0.9,-25.6,-20.5,-8.7,2.8,-15.8,-0.1,-10.6,3.2,-11.8,22.7,212,-33.4,-17.6,-35,3.4,-43.8,-34.8,-115.2,4.4,51.3,-14.3,-59,7.1,7.2,5.8,-2.6,-10.4,0,8.6,-7.7,-30.2,14.7,-3.4,-3.5,18.5,-6,-1.7,-1,-7.3,4.3,0.5,0.1,-2,-1,1.8,1.6,3.2,0.1,-3.8,-6.9,-15.3,24.8,-4.3,-2.9,-4,1.6,0.2,-2.7,1.6,-11.5,-0.6,-2.8,-5.7,3,6.9,3.5,13.1,6,11.2,12,-5.8,-5.4,0.8,4.3,-6.9,0.9,-3.2,4.7,-3.7,0.5,-6.2,-1.9,-1,10.4,1.3,-0.7,-0.8,3.4,3.1,14.3,12.6,19.3,10.2,4.9,-22.9,13.6,1.2,-4.4,-1,2.6,0.6,3.4,0,-1.8,3.4,-5,-16.1,0,-3,-2.4,0.1,-1,-2.1,0.4,0.7,1.6,2.1,-1.4,0.7,0.5,0.5,1.3,-0.5,-2.2,0.3,-0.4,2.2,-1.3,-1,2.2,-1.9,1.2,-3.2,-0.2,0.6,-1.2,-1.5,-3.3,0.9,-0.7,-2.3,-0.3,1.6,0.6,-2.8,-0.4,0.4,1.1,1.8,-0.9,-0.6,-2.7,-2.4,-0.5,1,2.2,-1.8,-2,3.4,1.8,2,1.1,0.5,1.2,0.5,0.7,-0.2,-2,-0.3,-0.8,2.9,2.5,0.5,-2.8,0.3,5.4,0.6,0.6,1.3,-3.4,13.3,-1.4,-1.3,-0.4,-0.2,-0.5,-0.6,2.6,1.5,2.1,0.6,0.1,-0.9,0,1,-0.7,-1.9,-2.3,-0.8,1.6,6.5]"
"Sans nom","Freinage","21/01/2026 12:11:37","21/01/2026 12:11:47",10.01,"[-0.3,-0.2,-0.3,-0.1,0.2,-1.1,-1.5,0.2,0.9,0,2,1.8,3.1,2.9,0.5,-2.2,-3.5,-2,-2.1]","[0.4,0.3,0.5,0.7,0.6,1.4,-0.6,-0.2,0.4,-0.5,-1,-0.7,-1.8,-0.9,-1.4,-1.8,-1.6,-3.2,-5.1]","[-0.9,-1.6,0.1,-0.2,1.4,1.1,2.4,-0.1,1.3,0.2,0.2,0.1,1,1.3,1.6,2.6,1.9,4.1,5.3]","[4.4,-8.8,3.5,-13.3,-9.8,8,7.4,-9.7,1.5,-41.5,-0.8,-0.3,-4.5,25.1,13.7,13.9,-3.3,5.4,7.6]","[-2.8,1.6,2.4,12.3,-18.5,-4.3,15,8,2.6,-15.7,8,-11.1,-8.3,24.3,0.1,1.7,5,5.5,28.7]","[3.7,1.4,0.6,13.6,2,20.5,13.3,-3.5,4,-8.5,-7.2,-7,-8.1,-1.5,14.2,3.3,1.8,-0.8,-5.7]"
"Sans nom","Conduite non agressive","21/01/2026 12:11:47","21/01/2026 12:11:52",5.15,"[-0.9,0.1,-1.1,0.1,1.1,0.1,0.2,0.3,0.2,-0.2,-0.1,-0.4,0.3,-0.1,-0.6,0.3,0.1,0,0]","[0.2,0,1.5,0.7,1,0.7,0.7,0.5,0.1,0.2,0.2,0.4,0.2,0.1,-0.2,0.2,0.2,0.1,0.1]","[0.3,-0.6,-1.1,-0.4,-1.5,1,-1,-0.2,0,-0.4,-0.1,0.4,-0.4,-1.1,0.8,-0.2,-0.7,-0.5,-0.2]","[5.9,-4.7,-32.9,-43.4,5.9,22.2,-0.3,6.2,-6.5,-19.4,13.7,7.5,-9.3,-14.7,0.3,-7.5,-11.5,-6.1,-6.9]","[1.7,24.4,-4.9,-30.6,6.1,-29.2,-21.5,-7.1,3,-9.2,18.2,6.9,-22.3,17.9,-18.2,-10.5,1.3,0.2,19.7]","[-4.9,-21.3,7.9,22.4,7.8,-2.7,-13.6,-15.6,4.6,-5.3,3.8,0,-18.4,19.9,-19.6,-1.9,6.4,4.3,6.7]"